filename,width,height,class,xmin,ymin,xmax,ymax
airplane (1).jpg,300,104,airplane,1,1,300,103
airplane (10).jpg,287,88,airplane,7,1,278,82
airplane (100).jpg,319,84,airplane,25,1,313,84
airplane (101).jpg,296,68,airplane,1,1,296,68
airplane (102).jpg,289,115,airplane,2,1,289,115
airplane (103).jpg,321,81,airplane,3,1,310,81
airplane (104).jpg,296,111,airplane,1,1,296,111
airplane (105).jpg,277,80,airplane,4,1,277,80
airplane (106).jpg,286,94,airplane,1,1,285,94
airplane (107).jpg,281,82,airplane,1,1,279,82
airplane (108).jpg,294,127,airplane,1,1,290,127
airplane (109).jpg,295,112,airplane,4,1,295,112
airplane (11).jpg,297,115,airplane,3,1,293,115
airplane (110).jpg,274,78,airplane,1,4,274,78
airplane (111).jpg,302,101,airplane,4,6,289,101
airplane (112).jpg,311,79,airplane,6,1,305,79
airplane (113).jpg,308,81,airplane,9,1,303,81
airplane (114).jpg,289,74,airplane,1,1,284,74
airplane (115).jpg,291,81,airplane,1,1,287,81
airplane (116).jpg,297,120,airplane,1,2,293,120
airplane (117).jpg,318,88,airplane,13,1,318,88
airplane (118).jpg,300,79,airplane,3,1,297,79
airplane (119).jpg,310,102,airplane,20,4,306,102
airplane (12).jpg,294,94,airplane,1,1,284,94
airplane (120).jpg,295,77,airplane,1,1,289,77
airplane (120).jpg,295,77,airplane,84,1,197,29
airplane (120).jpg,295,77,airplane,53,1,287,47
airplane (121).jpg,302,92,airplane,2,1,302,92
airplane (122).jpg,307,74,airplane,11,1,300,74
airplane (123).jpg,288,104,airplane,1,1,288,104
airplane (124).jpg,287,70,airplane,1,1,282,70
airplane (125).jpg,302,74,airplane,3,1,295,74
airplane (126).jpg,294,104,airplane,7,1,294,101
airplane (127).jpg,301,89,airplane,3,5,296,89
airplane (128).jpg,298,112,airplane,1,2,298,112
airplane (129).jpg,277,105,airplane,3,1,275,105
airplane (13).jpg,274,80,airplane,1,1,274,80
airplane (130).jpg,287,101,airplane,3,1,287,101
airplane (131).jpg,298,67,airplane,5,1,297,67
airplane (132).jpg,295,79,airplane,1,1,295,79
airplane (133).jpg,309,105,airplane,1,1,301,105
airplane (133).jpg,309,105,airplane,128,1,309,62
airplane (134).jpg,306,94,airplane,13,3,303,94
airplane (135).jpg,291,89,airplane,5,6,291,85
airplane (136).jpg,304,96,airplane,14,1,294,96
airplane (137).jpg,300,91,airplane,7,8,288,91
airplane (138).jpg,281,146,airplane,5,1,278,146
airplane (139).jpg,290,115,airplane,1,1,278,115
airplane (14).jpg,297,75,airplane,1,1,294,75
airplane (140).jpg,309,135,airplane,17,1,299,135
airplane (141).jpg,287,98,airplane,5,1,283,98
airplane (142).jpg,294,110,airplane,11,1,294,110
airplane (143).jpg,311,116,airplane,14,2,304,116
airplane (144).jpg,297,88,airplane,9,16,297,88
airplane (145).jpg,297,87,airplane,2,1,297,87
airplane (146).jpg,291,97,airplane,11,2,291,97
airplane (147).jpg,300,109,airplane,1,1,300,109
airplane (148).jpg,310,81,airplane,2,1,304,81
airplane (149).jpg,311,93,airplane,6,3,305,92
airplane (149).jpg,311,93,airplane,182,1,296,51
airplane (15).jpg,291,107,airplane,8,1,291,107
airplane (150).jpg,294,69,airplane,1,1,291,69
airplane (151).jpg,324,112,airplane,18,5,316,112
airplane (152).jpg,296,127,airplane,1,1,296,126
airplane (153).jpg,307,110,airplane,15,1,307,110
airplane (154).jpg,309,105,airplane,8,11,305,105
airplane (154).jpg,309,105,airplane,180,1,309,60
airplane (155).jpg,297,77,airplane,1,1,292,77
airplane (156).jpg,300,87,airplane,4,8,294,87
airplane (157).jpg,307,106,airplane,4,4,303,106
airplane (158).jpg,294,66,airplane,2,4,290,66
airplane (159).jpg,305,110,airplane,4,2,302,110
airplane (16).jpg,297,106,airplane,17,10,295,103
airplane (160).jpg,291,66,airplane,2,5,284,66
airplane (161).jpg,266,61,airplane,2,1,266,61
airplane (162).jpg,318,54,airplane,11,1,307,54
airplane (163).jpg,295,94,airplane,2,1,290,94
airplane (164).jpg,297,114,airplane,3,1,296,114
airplane (165).jpg,299,81,airplane,7,1,297,81
airplane (166).jpg,315,95,airplane,17,1,315,95
airplane (167).jpg,313,100,airplane,8,1,313,100
airplane (168).jpg,318,104,airplane,1,1,315,104
airplane (169).jpg,296,119,airplane,3,3,294,119
airplane (17).jpg,295,104,airplane,12,6,291,104
airplane (170).jpg,290,96,airplane,2,1,290,95
airplane (171).jpg,285,113,airplane,2,2,281,113
airplane (172).jpg,300,74,airplane,2,2,293,74
airplane (173).jpg,306,103,airplane,20,1,306,103
airplane (174).jpg,295,110,airplane,1,1,293,110
airplane (175).jpg,289,105,airplane,4,1,284,103
airplane (176).jpg,292,109,airplane,1,3,291,109
airplane (177).jpg,307,74,airplane,17,15,307,74
airplane (178).jpg,283,103,airplane,6,1,283,103
airplane (179).jpg,284,84,airplane,2,4,279,84
airplane (18).jpg,304,79,airplane,14,1,301,79
airplane (180).jpg,278,119,airplane,5,5,267,119
airplane (181).jpg,302,71,airplane,11,1,296,71
airplane (182).jpg,296,86,airplane,1,7,286,86
airplane (183).jpg,287,87,airplane,1,1,279,87
airplane (184).jpg,271,55,airplane,1,1,270,55
airplane (185).jpg,276,94,airplane,6,3,270,91
airplane (186).jpg,276,85,airplane,2,1,275,85
airplane (187).jpg,290,120,airplane,1,1,290,120
airplane (187).jpg,290,120,airplane,66,1,239,39
airplane (188).jpg,282,87,airplane,4,5,282,87
airplane (189).jpg,306,72,airplane,27,5,306,72
airplane (19).jpg,306,88,airplane,12,1,303,88
airplane (190).jpg,271,130,airplane,7,11,271,129
airplane (191).jpg,224,331,airplane,1,14,224,312
airplane (192).jpg,254,106,airplane,1,1,254,106
airplane (193).jpg,297,72,airplane,6,1,295,72
airplane (194).jpg,238,207,airplane,1,1,238,207
airplane (195).jpg,263,118,airplane,1,1,263,118
airplane (196).jpg,281,97,airplane,1,2,281,97
airplane (197).jpg,267,100,airplane,1,2,267,100
airplane (198).jpg,289,90,airplane,8,1,289,90
airplane (199).jpg,289,85,airplane,5,1,289,85
airplane (2).jpg,286,113,airplane,1,1,286,113
airplane (20).jpg,279,150,airplane,1,2,278,150
airplane (200).jpg,304,90,airplane,1,1,302,90
airplane (201).jpg,301,105,airplane,10,7,294,105
airplane (202).jpg,293,97,airplane,1,2,293,94
airplane (203).jpg,288,57,airplane,1,1,285,57
airplane (204).jpg,283,82,airplane,1,4,279,82
airplane (205).jpg,296,123,airplane,4,5,292,123
airplane (206).jpg,292,113,airplane,1,1,291,113
airplane (207).jpg,295,104,airplane,1,4,295,104
airplane (208).jpg,295,99,airplane,3,1,294,97
airplane (209).jpg,298,105,airplane,1,1,298,102
airplane (21).jpg,290,100,airplane,1,1,284,100
airplane (210).jpg,304,78,airplane,4,1,304,78
airplane (211).jpg,292,64,airplane,1,3,287,61
airplane (212).jpg,291,96,airplane,4,1,291,95
airplane (213).jpg,283,97,airplane,4,2,283,94
airplane (214).jpg,301,82,airplane,2,5,294,80
airplane (215).jpg,274,84,airplane,1,2,274,84
airplane (216).jpg,301,86,airplane,8,1,298,85
airplane (217).jpg,286,109,airplane,9,2,286,105
airplane (218).jpg,305,97,airplane,1,1,305,97
airplane (219).jpg,288,100,airplane,2,1,288,97
airplane (22).jpg,294,87,airplane,1,1,294,87
airplane (220).jpg,288,86,airplane,5,1,288,86
airplane (221).jpg,294,90,airplane,2,1,289,90
airplane (222).jpg,296,102,airplane,6,3,296,100
airplane (223).jpg,289,110,airplane,1,2,289,109
airplane (224).jpg,293,104,airplane,4,1,293,104
airplane (225).jpg,295,103,airplane,8,4,290,103
airplane (226).jpg,306,84,airplane,9,1,295,84
airplane (227).jpg,285,106,airplane,5,4,285,104
airplane (228).jpg,302,85,airplane,10,5,302,82
airplane (229).jpg,293,107,airplane,13,3,288,102
airplane (23).jpg,289,131,airplane,2,3,289,126
airplane (230).jpg,295,89,airplane,1,1,290,89
airplane (231).jpg,285,105,airplane,2,2,285,105
airplane (232).jpg,287,110,airplane,1,4,287,110
airplane (233).jpg,296,97,airplane,1,1,292,97
airplane (234).jpg,316,121,airplane,2,1,308,121
airplane (235).jpg,336,114,airplane,6,1,332,114
airplane (236).jpg,286,75,airplane,1,1,286,75
airplane (237).jpg,296,76,airplane,1,1,296,76
airplane (238).jpg,307,88,airplane,4,1,303,88
airplane (239).jpg,292,88,airplane,1,1,291,88
airplane (24).jpg,275,110,airplane,1,1,275,110
airplane (240).jpg,303,94,airplane,16,1,301,92
airplane (241).jpg,290,97,airplane,4,1,287,97
airplane (242).jpg,283,85,airplane,3,6,277,85
airplane (243).jpg,311,126,airplane,1,1,311,126
airplane (244).jpg,302,73,airplane,8,1,298,73
airplane (245).jpg,309,77,airplane,1,1,307,77
airplane (246).jpg,310,117,airplane,5,1,310,117
airplane (247).jpg,310,87,airplane,11,2,304,87
airplane (248).jpg,302,107,airplane,12,1,298,107
airplane (249).jpg,301,95,airplane,5,1,297,95
airplane (25).jpg,278,97,airplane,1,1,278,97
airplane (250).jpg,281,104,airplane,5,1,281,104
airplane (251).jpg,288,72,airplane,2,3,284,72
airplane (252).jpg,280,107,airplane,1,1,280,107
airplane (253).jpg,297,100,airplane,3,3,292,100
airplane (254).jpg,307,118,airplane,1,3,307,118
airplane (255).jpg,310,86,airplane,3,1,309,84
airplane (256).jpg,293,85,airplane,1,1,290,85
airplane (257).jpg,307,98,airplane,6,3,303,93
airplane (258).jpg,302,90,airplane,8,3,296,87
airplane (259).jpg,287,103,airplane,9,1,283,97
airplane (26).jpg,263,124,airplane,8,1,263,124
airplane (260).jpg,283,114,airplane,1,1,281,113
airplane (261).jpg,302,99,airplane,3,1,302,98
airplane (262).jpg,293,87,airplane,1,1,293,87
airplane (263).jpg,301,87,airplane,6,8,294,87
airplane (264).jpg,319,87,airplane,13,1,306,87
airplane (265).jpg,295,90,airplane,1,5,289,90
airplane (266).jpg,293,102,airplane,5,1,293,102
airplane (267).jpg,293,79,airplane,2,2,289,79
airplane (268).jpg,297,77,airplane,2,1,293,77
airplane (269).jpg,288,61,airplane,3,2,285,59
airplane (27).jpg,256,84,airplane,1,1,255,84
airplane (270).jpg,311,93,airplane,15,1,307,93
airplane (271).jpg,290,83,airplane,3,3,290,82
airplane (272).jpg,312,124,airplane,17,12,304,124
airplane (273).jpg,334,90,airplane,36,23,326,90
airplane (274).jpg,303,96,airplane,8,4,299,96
airplane (274).jpg,303,96,airplane,1,62,49,96
airplane (275).jpg,295,101,airplane,1,1,295,100
airplane (276).jpg,294,85,airplane,1,2,294,85
airplane (277).jpg,288,79,airplane,1,1,288,79
airplane (278).jpg,294,88,airplane,1,3,290,88
airplane (279).jpg,282,92,airplane,1,2,282,90
airplane (28).jpg,281,106,airplane,1,1,281,106
airplane (280).jpg,278,80,airplane,1,1,278,80
airplane (281).jpg,293,111,airplane,1,2,290,111
airplane (282).jpg,283,111,airplane,1,2,283,105
airplane (283).jpg,313,94,airplane,12,6,304,94
airplane (284).jpg,289,83,airplane,1,1,289,82
airplane (285).jpg,285,72,airplane,1,1,285,72
airplane (286).jpg,292,100,airplane,4,1,285,100
airplane (287).jpg,291,93,airplane,1,1,291,93
airplane (288).jpg,297,82,airplane,1,1,284,82
airplane (289).jpg,287,105,airplane,2,1,287,105
airplane (29).jpg,279,81,airplane,1,4,279,81
airplane (290).jpg,292,87,airplane,3,3,292,85
airplane (291).jpg,298,90,airplane,12,1,296,88
airplane (292).jpg,291,102,airplane,8,1,291,101
airplane (293).jpg,292,77,airplane,11,1,292,77
airplane (294).jpg,338,99,airplane,36,1,334,99
airplane (295).jpg,313,87,airplane,19,7,313,87
airplane (296).jpg,273,77,airplane,1,1,268,77
airplane (297).jpg,270,103,airplane,1,1,270,103
airplane (298).jpg,302,61,airplane,1,1,302,61
airplane (299).jpg,288,102,airplane,1,1,284,102
airplane (3).jpg,290,94,airplane,1,1,290,94
airplane (30).jpg,284,112,airplane,1,11,284,108
airplane (300).jpg,306,87,airplane,3,2,306,87
airplane (301).jpg,282,75,airplane,1,4,279,75
airplane (302).jpg,312,80,airplane,8,1,305,80
airplane (303).jpg,301,84,airplane,3,2,296,84
airplane (304).jpg,298,104,airplane,11,1,298,104
airplane (305).jpg,282,85,airplane,1,7,282,85
airplane (306).jpg,297,105,airplane,4,6,293,105
airplane (307).jpg,295,106,airplane,3,1,291,106
airplane (308).jpg,291,81,airplane,1,1,291,81
airplane (309).jpg,301,85,airplane,1,2,298,85
airplane (31).jpg,300,90,airplane,1,3,295,90
airplane (310).jpg,293,87,airplane,1,1,293,87
airplane (311).jpg,291,111,airplane,1,1,291,111
airplane (312).jpg,300,83,airplane,2,1,295,83
airplane (313).jpg,282,109,airplane,3,2,282,108
airplane (314).jpg,263,116,airplane,1,1,263,116
airplane (315).jpg,290,100,airplane,5,1,290,100
airplane (316).jpg,294,76,airplane,1,1,294,76
airplane (317).jpg,299,89,airplane,1,1,296,89
airplane (318).jpg,299,84,airplane,3,3,299,83
airplane (319).jpg,302,75,airplane,1,1,300,75
airplane (32).jpg,292,121,airplane,1,1,292,121
airplane (320).jpg,289,107,airplane,12,1,286,106
airplane (321).jpg,305,115,airplane,5,4,305,115
airplane (322).jpg,310,101,airplane,7,7,302,101
airplane (323).jpg,314,105,airplane,13,1,306,105
airplane (324).jpg,315,94,airplane,1,1,302,94
airplane (325).jpg,308,95,airplane,3,4,300,92
airplane (326).jpg,298,100,airplane,5,1,298,99
airplane (327).jpg,300,98,airplane,8,1,300,98
airplane (328).jpg,297,70,airplane,1,3,297,70
airplane (329).jpg,289,77,airplane,1,1,289,77
airplane (33).jpg,290,112,airplane,6,1,290,112
airplane (330).jpg,297,108,airplane,1,1,297,108
airplane (331).jpg,299,96,airplane,1,4,299,95
airplane (332).jpg,304,102,airplane,9,5,304,99
airplane (333).jpg,327,122,airplane,1,1,301,112
airplane (334).jpg,303,118,airplane,7,4,300,115
airplane (335).jpg,265,91,airplane,1,1,265,91
airplane (336).jpg,286,88,airplane,3,3,286,88
airplane (337).jpg,292,95,airplane,5,8,292,95
airplane (338).jpg,298,86,airplane,4,2,297,86
airplane (339).jpg,299,65,airplane,1,2,298,65
airplane (34).jpg,282,110,airplane,1,1,282,110
airplane (340).jpg,316,104,airplane,12,4,307,104
airplane (341).jpg,303,70,airplane,1,1,297,70
airplane (342).jpg,307,87,airplane,5,2,300,87
airplane (343).jpg,292,100,airplane,3,2,292,99
airplane (344).jpg,301,93,airplane,1,1,301,93
airplane (345).jpg,309,99,airplane,12,1,304,99
airplane (346).jpg,292,109,airplane,4,2,292,109
airplane (347).jpg,282,86,airplane,5,1,282,86
airplane (348).jpg,275,104,airplane,1,1,271,103
airplane (349).jpg,305,114,airplane,11,1,298,112
airplane (35).jpg,289,120,airplane,1,4,289,120
airplane (350).jpg,296,76,airplane,1,1,293,76
airplane (351).jpg,295,110,airplane,5,1,295,110
airplane (352).jpg,298,63,airplane,1,1,298,63
airplane (353).jpg,288,56,airplane,1,2,288,56
airplane (354).jpg,280,102,airplane,1,1,280,102
airplane (355).jpg,301,64,airplane,1,1,298,64
airplane (356).jpg,302,78,airplane,2,1,298,78
airplane (357).jpg,292,62,airplane,1,3,292,62
airplane (358).jpg,304,57,airplane,9,1,304,57
airplane (359).jpg,304,117,airplane,2,3,304,115
airplane (36).jpg,298,105,airplane,1,1,292,105
airplane (360).jpg,383,110,airplane,23,15,315,84
airplane (361).jpg,306,69,airplane,1,1,299,69
airplane (362).jpg,294,66,airplane,1,2,288,66
airplane (363).jpg,286,76,airplane,1,2,286,76
airplane (364).jpg,309,77,airplane,2,1,302,77
airplane (365).jpg,303,79,airplane,6,1,299,79
airplane (366).jpg,302,81,airplane,1,1,299,80
airplane (367).jpg,297,80,airplane,4,2,297,78
airplane (368).jpg,301,61,airplane,1,1,301,61
airplane (369).jpg,293,60,airplane,1,3,287,59
airplane (37).jpg,292,100,airplane,2,1,282,90
airplane (37).jpg,292,100,airplane,194,42,292,100
airplane (370).jpg,300,91,airplane,1,1,293,91
airplane (371).jpg,307,67,airplane,2,2,302,67
airplane (372).jpg,294,96,airplane,1,2,294,96
airplane (373).jpg,299,73,airplane,1,1,298,73
airplane (374).jpg,306,91,airplane,12,1,305,91
airplane (375).jpg,369,66,airplane,28,1,318,66
airplane (376).jpg,247,145,airplane,1,1,247,139
airplane (377).jpg,313,95,airplane,15,1,310,95
airplane (378).jpg,295,67,airplane,3,2,291,67
airplane (379).jpg,310,108,airplane,9,1,304,108
airplane (38).jpg,280,83,airplane,1,1,279,83
airplane (380).jpg,291,86,airplane,1,20,285,86
airplane (381).jpg,304,94,airplane,1,1,301,93
airplane (382).jpg,308,83,airplane,3,1,304,83
airplane (383).jpg,309,108,airplane,5,1,309,108
airplane (384).jpg,320,77,airplane,22,6,317,77
airplane (385).jpg,304,109,airplane,9,3,304,107
airplane (386).jpg,300,95,airplane,2,6,292,95
airplane (387).jpg,324,98,airplane,14,1,319,98
airplane (388).jpg,306,67,airplane,1,3,305,67
airplane (389).jpg,303,74,airplane,4,1,302,74
airplane (39).jpg,295,105,airplane,1,1,292,105
airplane (390).jpg,300,87,airplane,7,1,300,87
airplane (391).jpg,316,109,airplane,4,3,313,109
airplane (392).jpg,331,94,airplane,43,2,327,94
airplane (393).jpg,278,106,airplane,1,1,271,106
airplane (394).jpg,304,99,airplane,4,1,304,99
airplane (395).jpg,308,112,airplane,4,1,294,112
airplane (396).jpg,314,91,airplane,22,3,311,91
airplane (397).jpg,291,111,airplane,4,4,291,111
airplane (398).jpg,290,74,airplane,1,1,287,74
airplane (399).jpg,304,92,airplane,6,1,300,92
airplane (4).jpg,303,101,airplane,1,1,303,101
airplane (40).jpg,288,119,airplane,1,1,288,119
airplane (400).jpg,307,62,airplane,14,3,302,62
airplane (401).jpg,296,96,airplane,7,2,296,96
airplane (402).jpg,265,88,airplane,2,2,265,88
airplane (403).jpg,277,70,airplane,4,1,274,70
airplane (404).jpg,319,105,airplane,25,1,314,105
airplane (405).jpg,271,109,airplane,5,3,271,109
airplane (406).jpg,292,80,airplane,1,1,292,80
airplane (407).jpg,323,94,airplane,15,1,319,94
airplane (408).jpg,276,105,airplane,1,1,272,105
airplane (409).jpg,289,109,airplane,22,5,279,109
airplane (41).jpg,309,78,airplane,3,1,300,77
airplane (410).jpg,294,117,airplane,5,5,294,117
airplane (411).jpg,289,64,airplane,1,3,285,64
airplane (412).jpg,308,107,airplane,6,1,307,107
airplane (413).jpg,284,64,airplane,1,1,279,64
airplane (414).jpg,295,94,airplane,1,1,295,94
airplane (415).jpg,295,105,airplane,1,1,295,103
airplane (416).jpg,299,103,airplane,7,4,299,103
airplane (417).jpg,290,104,airplane,5,4,290,103
airplane (418).jpg,289,96,airplane,6,1,289,91
airplane (419).jpg,296,80,airplane,3,1,296,80
airplane (42).jpg,292,80,airplane,1,1,292,80
airplane (420).jpg,313,56,airplane,8,1,308,56
airplane (421).jpg,298,105,airplane,12,7,298,105
airplane (422).jpg,290,112,airplane,7,5,290,112
airplane (423).jpg,311,106,airplane,23,8,305,106
airplane (424).jpg,290,83,airplane,1,1,290,83
airplane (425).jpg,301,91,airplane,6,3,301,88
airplane (426).jpg,282,112,airplane,17,3,282,112
airplane (427).jpg,316,86,airplane,10,1,311,86
airplane (428).jpg,304,104,airplane,3,3,300,104
airplane (429).jpg,296,95,airplane,1,2,295,95
airplane (43).jpg,270,83,airplane,1,4,270,83
airplane (430).jpg,299,92,airplane,3,1,296,92
airplane (430).jpg,299,92,airplane,62,1,299,46
airplane (431).jpg,315,81,airplane,10,1,308,81
airplane (432).jpg,287,83,airplane,1,1,287,83
airplane (433).jpg,291,89,airplane,4,1,291,89
airplane (434).jpg,295,83,airplane,1,2,295,83
airplane (435).jpg,291,105,airplane,5,5,291,105
airplane (436).jpg,302,95,airplane,7,1,302,95
airplane (437).jpg,299,94,airplane,1,1,299,92
airplane (438).jpg,291,108,airplane,4,1,291,108
airplane (439).jpg,304,112,airplane,4,3,304,112
airplane (44).jpg,343,169,airplane,24,1,325,169
airplane (440).jpg,289,89,airplane,1,1,289,89
airplane (441).jpg,300,63,airplane,1,3,300,63
airplane (442).jpg,297,81,airplane,5,1,296,81
airplane (443).jpg,299,87,airplane,1,3,295,87
airplane (444).jpg,311,89,airplane,1,3,308,89
airplane (445).jpg,303,79,airplane,10,2,303,79
airplane (446).jpg,295,90,airplane,1,3,295,90
airplane (447).jpg,295,85,airplane,1,1,295,85
airplane (448).jpg,288,102,airplane,9,1,288,102
airplane (449).jpg,291,93,airplane,1,1,291,93
airplane (45).jpg,297,78,airplane,2,1,296,78
airplane (450).jpg,298,97,airplane,8,1,298,97
airplane (451).jpg,302,106,airplane,7,2,298,106
airplane (452).jpg,305,86,airplane,4,1,303,86
airplane (453).jpg,308,89,airplane,12,4,308,89
airplane (454).jpg,316,98,airplane,29,14,316,98
airplane (455).jpg,284,95,airplane,1,1,284,95
airplane (456).jpg,303,100,airplane,2,2,296,98
airplane (457).jpg,298,104,airplane,1,5,298,104
airplane (458).jpg,301,100,airplane,6,1,301,100
airplane (459).jpg,294,89,airplane,1,1,284,89
airplane (46).jpg,301,81,airplane,5,1,301,81
airplane (460).jpg,287,97,airplane,1,2,287,97
airplane (461).jpg,286,80,airplane,1,4,283,80
airplane (462).jpg,292,109,airplane,4,4,285,109
airplane (463).jpg,302,93,airplane,6,5,299,93
airplane (464).jpg,298,98,airplane,2,1,295,98
airplane (465).jpg,290,93,airplane,1,1,290,93
airplane (466).jpg,291,98,airplane,1,5,291,98
airplane (467).jpg,279,119,airplane,2,2,279,119
airplane (468).jpg,311,106,airplane,6,10,303,106
airplane (468).jpg,311,106,airplane,1,18,189,60
airplane (469).jpg,303,76,airplane,1,1,301,76
airplane (47).jpg,306,122,airplane,7,4,306,121
airplane (470).jpg,292,88,airplane,2,1,292,88
airplane (471).jpg,299,82,airplane,1,1,296,82
airplane (472).jpg,313,86,airplane,1,1,308,86
airplane (473).jpg,307,84,airplane,5,1,303,84
airplane (474).jpg,306,95,airplane,3,2,301,95
airplane (475).jpg,305,73,airplane,5,1,301,73
airplane (476).jpg,339,91,airplane,1,3,313,91
airplane (477).jpg,280,84,airplane,1,4,269,84
airplane (478).jpg,307,74,airplane,13,1,301,74
airplane (479).jpg,309,76,airplane,7,2,302,75
airplane (48).jpg,288,114,airplane,1,3,281,114
airplane (480).jpg,294,158,airplane,6,1,291,147
airplane (49).jpg,293,110,airplane,1,2,290,110
airplane (5).jpg,305,98,airplane,1,1,305,96
airplane (50).jpg,299,118,airplane,4,10,294,118
airplane (51).jpg,279,78,airplane,1,1,279,78
airplane (52).jpg,304,104,airplane,1,1,304,104
airplane (53).jpg,292,124,airplane,1,4,289,124
airplane (54).jpg,302,116,airplane,11,16,297,116
airplane (54).jpg,302,116,airplane,193,4,302,37
airplane (55).jpg,294,89,airplane,2,1,294,89
airplane (56).jpg,293,81,airplane,1,1,293,81
airplane (57).jpg,323,73,airplane,1,1,323,73
airplane (58).jpg,300,68,airplane,5,1,296,68
airplane (59).jpg,310,94,airplane,12,1,298,94
airplane (6).jpg,305,85,airplane,9,1,301,85
airplane (60).jpg,299,93,airplane,7,1,296,93
airplane (61).jpg,302,88,airplane,3,1,297,88
airplane (62).jpg,283,89,airplane,3,1,277,89
airplane (63).jpg,292,74,airplane,4,1,291,74
airplane (64).jpg,283,75,airplane,7,1,278,75
airplane (65).jpg,297,73,airplane,1,2,297,73
airplane (66).jpg,307,81,airplane,9,1,297,81
airplane (67).jpg,313,110,airplane,1,1,306,110
airplane (68).jpg,305,59,airplane,11,1,305,59
airplane (69).jpg,310,69,airplane,1,1,306,69
airplane (69).jpg,310,69,airplane,151,1,310,38
airplane (7).jpg,295,97,airplane,4,1,295,95
airplane (70).jpg,302,71,airplane,1,1,302,71
airplane (71).jpg,295,68,airplane,2,3,295,68
airplane (72).jpg,292,103,airplane,9,1,292,103
airplane (73).jpg,295,95,airplane,1,1,295,95
airplane (74).jpg,288,82,airplane,1,1,285,82
airplane (75).jpg,273,79,airplane,2,3,273,79
airplane (76).jpg,306,94,airplane,16,1,301,94
airplane (77).jpg,303,92,airplane,7,1,293,92
airplane (78).jpg,312,84,airplane,28,1,312,84
airplane (79).jpg,303,89,airplane,1,1,293,89
airplane (8).jpg,301,122,airplane,7,8,298,121
airplane (80).jpg,298,66,airplane,2,1,288,66
airplane (81).jpg,344,63,airplane,6,5,313,63
airplane (82).jpg,312,124,airplane,3,14,300,115
airplane (83).jpg,332,114,airplane,43,6,325,108
airplane (84).jpg,296,80,airplane,1,3,296,80
airplane (85).jpg,308,92,airplane,1,1,308,92
airplane (86).jpg,285,80,airplane,2,6,280,80
airplane (87).jpg,301,84,airplane,4,4,293,84
airplane (88).jpg,306,75,airplane,1,1,302,75
airplane (89).jpg,285,138,airplane,6,1,285,138
airplane (9).jpg,302,129,airplane,6,7,297,127
airplane (90).jpg,294,110,airplane,1,4,286,110
airplane (91).jpg,312,77,airplane,8,7,301,77
airplane (92).jpg,303,89,airplane,12,1,301,89
airplane (93).jpg,287,56,airplane,1,1,278,56
airplane (94).jpg,305,106,airplane,1,1,301,106
airplane (95).jpg,295,76,airplane,19,1,295,76
airplane (96).jpg,307,83,airplane,9,1,301,83
airplane (97).jpg,299,90,airplane,6,5,297,90
airplane (98).jpg,298,95,airplane,3,1,294,95
airplane (99).jpg,316,79,airplane,1,1,316,79
baseball_bat1.jpeg,277,182,baseball bat,21,36,205,162
baseball_bat1.jpeg,277,182,baseball bat,74,36,256,160
baseball_bat10.jpeg,306,165,baseball bat,21,26,266,108
baseball_bat101.jpeg,225,225,baseball bat,1,184,224,214
baseball_bat101.jpeg,225,225,baseball bat,5,4,224,222
baseball_bat102.jpeg,369,136,baseball bat,33,20,64,93
baseball_bat102.jpeg,369,136,baseball bat,183,2,217,50
baseball_bat102.jpeg,369,136,baseball bat,273,12,327,64
baseball_bat104.jpeg,225,225,baseball bat,13,14,209,212
baseball_bat105.jpeg,275,183,baseball bat,30,109,246,139
baseball_bat106.jpeg,348,145,baseball bat,180,15,244,94
baseball_bat106.jpeg,348,145,baseball bat,252,67,307,124
baseball_bat106.jpeg,348,145,baseball bat,286,35,341,101
baseball_bat106.jpeg,348,145,baseball bat,21,11,41,145
baseball_bat106.jpeg,348,145,baseball bat,34,4,56,145
baseball_bat106.jpeg,348,145,baseball bat,56,4,80,145
baseball_bat106.jpeg,348,145,baseball bat,73,10,96,145
baseball_bat107.jpeg,225,225,baseball bat,5,89,221,109
baseball_bat107.jpeg,225,225,baseball bat,7,115,220,136
baseball_bat108.jpeg,246,205,baseball bat,127,78,245,205
baseball_bat108.jpeg,246,205,baseball bat,102,26,245,205
baseball_bat108.jpeg,246,205,baseball bat,72,1,245,205
baseball_bat109.jpeg,225,225,baseball bat,15,10,214,210
baseball_bat11.jpeg,275,183,baseball bat,8,33,260,160
baseball_bat110.jpeg,225,225,baseball bat,1,185,225,204
baseball_bat110.jpeg,225,225,baseball bat,1,1,224,224
baseball_bat111.jpeg,225,225,baseball bat,74,86,151,98
baseball_bat111.jpeg,225,225,baseball bat,66,72,162,84
baseball_bat111.jpeg,225,225,baseball bat,71,56,154,69
baseball_bat114.jpeg,449,112,baseball bat,13,25,419,96
baseball_bat115.jpeg,230,219,baseball bat,52,1,77,199
baseball_bat115.jpeg,230,219,baseball bat,102,1,124,201
baseball_bat115.jpeg,230,219,baseball bat,152,1,181,199
baseball_bat116.jpeg,254,199,baseball bat,1,1,230,196
baseball_bat117.jpeg,183,275,baseball bat,5,51,179,222
baseball_bat118.jpeg,201,251,baseball bat,49,6,71,222
baseball_bat118.jpeg,201,251,baseball bat,84,6,122,251
baseball_bat118.jpeg,201,251,baseball bat,128,1,162,151
baseball_bat119.jpeg,275,183,baseball bat,43,44,275,109
baseball_bat12.jpeg,225,225,baseball bat,15,8,207,215
baseball_bat120.jpeg,275,183,baseball bat,1,65,274,116
baseball_bat121.jpeg,279,180,baseball bat,11,8,270,157
baseball_bat122.jpeg,225,225,baseball bat,98,10,126,225
baseball_bat123.jpeg,225,225,baseball bat,1,40,225,216
baseball_bat124.jpeg,225,225,baseball bat,80,4,98,220
baseball_bat124.jpeg,225,225,baseball bat,118,47,145,219
baseball_bat125.jpeg,176,176,baseball bat,1,146,175,167
baseball_bat125.jpeg,176,176,baseball bat,1,1,176,176
baseball_bat127.jpeg,225,224,baseball bat,1,1,225,224
baseball_bat128.jpeg,271,186,baseball bat,27,15,251,165
baseball_bat13.jpeg,223,226,baseball bat,1,4,219,224
baseball_bat131.jpeg,203,248,baseball bat,1,186,200,214
baseball_bat131.jpeg,203,248,baseball bat,7,23,202,221
baseball_bat133.jpeg,194,259,baseball bat,46,1,93,85
baseball_bat135.jpeg,225,225,baseball bat,120,36,221,63
baseball_bat136.jpeg,225,224,baseball bat,9,7,215,212
baseball_bat137.jpeg,225,225,baseball bat,10,11,213,214
baseball_bat139.jpeg,225,225,baseball bat,14,12,212,211
baseball_bat14.jpeg,185,272,baseball bat,13,33,185,107
baseball_bat140.jpeg,265,190,baseball bat,27,26,239,151
baseball_bat141.jpeg,348,145,baseball bat,151,5,212,45
baseball_bat141.jpeg,348,145,baseball bat,261,79,330,98
baseball_bat141.jpeg,348,145,baseball bat,1,112,164,145
baseball_bat141.jpeg,348,145,baseball bat,1,88,160,123
baseball_bat142.jpeg,225,225,baseball bat,35,99,193,122
baseball_bat143.jpeg,275,183,baseball bat,115,87,154,95
baseball_bat144.jpeg,259,194,baseball bat,64,37,187,169
baseball_bat145.jpeg,225,225,baseball bat,102,3,123,201
baseball_bat146.jpeg,225,225,baseball bat,13,4,217,211
baseball_bat147.jpeg,275,183,baseball bat,7,20,270,171
baseball_bat148.jpeg,282,178,baseball bat,4,110,251,168
baseball_bat149.jpeg,311,162,baseball bat,1,44,288,121
baseball_bat15.jpeg,275,183,baseball bat,13,52,234,122
baseball_bat150.jpeg,299,168,baseball bat,59,7,71,57
baseball_bat150.jpeg,299,168,baseball bat,109,33,134,168
baseball_bat150.jpeg,299,168,baseball bat,135,31,157,168
baseball_bat150.jpeg,299,168,baseball bat,162,31,183,168
baseball_bat150.jpeg,299,168,baseball bat,187,31,208,168
baseball_bat150.jpeg,299,168,baseball bat,215,31,234,168
baseball_bat150.jpeg,299,168,baseball bat,241,29,262,168
baseball_bat150.jpeg,299,168,baseball bat,269,29,288,168
baseball_bat151.jpeg,321,157,baseball bat,143,47,185,88
baseball_bat152.jpeg,272,185,baseball bat,36,7,196,147
baseball_bat153.jpeg,183,275,baseball bat,96,18,131,187
baseball_bat154.jpeg,224,225,baseball bat,1,1,224,224
baseball_bat155.jpeg,194,259,baseball bat,4,73,194,97
baseball_bat155.jpeg,194,259,baseball bat,1,161,190,191
baseball_bat156.jpeg,225,225,baseball bat,3,4,127,132
baseball_bat158.jpeg,219,230,baseball bat,25,26,191,199
baseball_bat16.jpeg,225,225,baseball bat,1,185,225,213
baseball_bat16.jpeg,225,225,baseball bat,5,4,224,220
baseball_bat160.jpeg,275,183,baseball bat,25,18,271,133
baseball_bat161.jpeg,318,159,baseball bat,215,3,273,73
baseball_bat162.jpeg,335,150,baseball bat,52,18,195,32
baseball_bat162.jpeg,335,150,baseball bat,150,35,304,49
baseball_bat162.jpeg,335,150,baseball bat,24,58,195,74
baseball_bat162.jpeg,335,150,baseball bat,73,85,250,101
baseball_bat162.jpeg,335,150,baseball bat,146,104,314,119
baseball_bat162.jpeg,335,150,baseball bat,16,121,183,138
baseball_bat163.jpeg,225,225,baseball bat,25,67,198,90
baseball_bat164.jpeg,225,225,baseball bat,1,94,208,127
baseball_bat165.jpeg,275,183,baseball bat,23,27,224,159
baseball_bat166.jpeg,275,183,baseball bat,60,32,215,150
baseball_bat167.jpeg,275,183,baseball bat,80,7,118,55
baseball_bat168.jpeg,324,156,baseball bat,19,62,309,82
baseball_bat169.jpeg,190,266,baseball bat,25,12,176,170
baseball_bat17.jpeg,300,168,baseball bat,42,46,255,135
baseball_bat170.jpeg,347,145,baseball bat,14,23,312,46
baseball_bat172.jpeg,225,225,baseball bat,68,18,157,198
baseball_bat173.jpeg,225,225,baseball bat,1,175,211,204
baseball_bat173.jpeg,225,225,baseball bat,24,1,207,225
baseball_bat174.jpeg,354,142,baseball bat,10,6,258,130
baseball_bat175.jpeg,307,164,baseball bat,18,26,287,50
baseball_bat175.jpeg,307,164,baseball bat,17,69,289,90
baseball_bat175.jpeg,307,164,baseball bat,18,113,288,132
baseball_bat176.jpeg,297,170,baseball bat,4,9,291,166
baseball_bat177.jpeg,225,225,baseball bat,2,1,224,225
baseball_bat178.jpeg,185,272,baseball bat,21,29,131,191
baseball_bat179.jpeg,295,171,baseball bat,6,7,286,162
baseball_bat18.jpeg,225,225,baseball bat,26,48,58,157
baseball_bat18.jpeg,225,225,baseball bat,61,51,92,163
baseball_bat18.jpeg,225,225,baseball bat,96,52,127,168
baseball_bat18.jpeg,225,225,baseball bat,131,51,164,160
baseball_bat18.jpeg,225,225,baseball bat,170,50,202,165
baseball_bat180.jpeg,225,225,baseball bat,12,12,210,213
baseball_bat181.jpeg,300,168,baseball bat,207,6,271,168
baseball_bat181.jpeg,300,168,baseball bat,87,56,150,76
baseball_bat181.jpeg,300,168,baseball bat,59,48,133,82
baseball_bat182.jpeg,201,251,baseball bat,14,11,188,241
baseball_bat183.jpeg,300,168,baseball bat,42,58,102,78
baseball_bat184.jpeg,223,226,baseball bat,1,4,218,224
baseball_bat185.jpeg,276,183,baseball bat,1,16,265,146
baseball_bat186.jpeg,225,225,baseball bat,115,47,148,221
baseball_bat187.jpeg,202,249,baseball bat,129,26,184,249
baseball_bat187.jpeg,202,249,baseball bat,107,13,136,249
baseball_bat187.jpeg,202,249,baseball bat,60,13,115,249
baseball_bat187.jpeg,202,249,baseball bat,14,25,103,249
baseball_bat188.jpeg,225,224,baseball bat,1,1,225,224
baseball_bat189.jpeg,225,225,baseball bat,7,5,216,214
baseball_bat19.jpeg,183,275,baseball bat,41,42,98,100
baseball_bat190.jpeg,289,174,baseball bat,29,26,259,44
baseball_bat190.jpeg,289,174,baseball bat,30,73,260,90
baseball_bat190.jpeg,289,174,baseball bat,30,116,260,137
baseball_bat192.jpeg,275,183,baseball bat,6,79,84,94
baseball_bat193.jpeg,225,225,baseball bat,1,1,225,225
baseball_bat193.jpeg,225,225,baseball bat,3,181,225,207
baseball_bat195.jpeg,225,225,baseball bat,33,5,182,221
baseball_bat196.jpeg,276,183,baseball bat,16,19,256,169
baseball_bat197.jpeg,225,225,baseball bat,116,48,147,225
baseball_bat197.jpeg,225,225,baseball bat,78,4,100,224
baseball_bat198.jpeg,292,173,baseball bat,2,1,292,173
baseball_bat199.jpeg,311,162,baseball bat,103,1,170,161
baseball_bat199.jpeg,311,162,baseball bat,123,1,204,155
baseball_bat199.jpeg,311,162,baseball bat,115,1,184,161
baseball_bat2.jpeg,229,220,baseball bat,13,11,174,220
baseball_bat20.jpeg,201,251,baseball bat,58,5,76,222
baseball_bat20.jpeg,201,251,baseball bat,86,6,120,251
baseball_bat20.jpeg,201,251,baseball bat,123,1,159,180
baseball_bat200.jpeg,225,225,baseball bat,118,45,148,225
baseball_bat200.jpeg,225,225,baseball bat,79,3,98,219
baseball_bat201.jpeg,259,194,baseball bat,140,36,258,169
baseball_bat201.jpeg,259,194,baseball bat,28,27,60,70
baseball_bat202.jpeg,225,225,baseball bat,5,4,224,221
baseball_bat202.jpeg,225,225,baseball bat,1,186,223,213
baseball_bat203.jpeg,225,225,baseball bat,101,4,123,199
baseball_bat204.jpeg,242,208,baseball bat,8,33,227,169
baseball_bat205.jpeg,225,225,baseball bat,10,6,220,218
baseball_bat206.jpeg,161,313,baseball bat,83,10,140,290
baseball_bat207.jpeg,268,188,baseball bat,24,83,245,103
baseball_bat208.jpeg,225,224,baseball bat,1,184,217,209
baseball_bat208.jpeg,225,224,baseball bat,1,1,225,223
baseball_bat209.jpeg,225,224,baseball bat,1,1,225,223
baseball_bat21.jpeg,183,275,baseball bat,37,72,126,113
baseball_bat210.jpeg,225,225,baseball bat,119,48,147,225
baseball_bat210.jpeg,225,225,baseball bat,80,3,99,221
baseball_bat211.jpeg,307,164,baseball bat,34,26,266,126
baseball_bat213.jpeg,274,184,baseball bat,1,82,237,105
baseball_bat214.jpeg,225,225,baseball bat,13,12,211,212
baseball_bat215.jpeg,323,156,baseball bat,1,1,322,156
baseball_bat216.jpeg,310,162,baseball bat,8,60,305,84
baseball_bat217.jpeg,225,225,baseball bat,1,1,225,225
baseball_bat218.jpeg,225,225,baseball bat,1,1,223,225
baseball_bat219.jpeg,299,168,baseball bat,135,10,161,168
baseball_bat219.jpeg,299,168,baseball bat,178,6,198,168
baseball_bat219.jpeg,299,168,baseball bat,220,6,240,168
baseball_bat219.jpeg,299,168,baseball bat,261,11,283,168
baseball_bat219.jpeg,299,168,baseball bat,55,5,75,50
baseball_bat22.jpeg,299,169,baseball bat,17,39,282,60
baseball_bat220.jpeg,300,168,baseball bat,1,24,262,168
baseball_bat221.jpeg,225,225,baseball bat,2,102,224,122
baseball_bat222.jpeg,318,159,baseball bat,148,29,203,43
baseball_bat223.jpeg,224,224,baseball bat,75,58,135,161
baseball_bat224.jpeg,194,259,baseball bat,33,18,155,233
baseball_bat225.jpeg,225,225,baseball bat,116,47,147,221
baseball_bat225.jpeg,225,225,baseball bat,80,5,98,220
baseball_bat226.jpeg,225,225,baseball bat,37,34,205,50
baseball_bat226.jpeg,225,225,baseball bat,36,57,203,72
baseball_bat226.jpeg,225,225,baseball bat,37,79,203,92
baseball_bat226.jpeg,225,225,baseball bat,34,101,203,114
baseball_bat226.jpeg,225,225,baseball bat,35,121,203,136
baseball_bat226.jpeg,225,225,baseball bat,34,142,204,155
baseball_bat226.jpeg,225,225,baseball bat,34,162,203,176
baseball_bat226.jpeg,225,225,baseball bat,34,182,204,197
baseball_bat226.jpeg,225,225,baseball bat,35,202,202,217
baseball_bat227.jpeg,223,226,baseball bat,1,2,223,223
baseball_bat228.jpeg,297,170,baseball bat,70,12,248,170
baseball_bat229.jpeg,300,168,baseball bat,170,27,213,75
baseball_bat23.jpeg,378,133,baseball bat,15,2,70,82
baseball_bat23.jpeg,378,133,baseball bat,216,1,276,16
baseball_bat23.jpeg,378,133,baseball bat,282,9,316,36
baseball_bat230.jpeg,347,145,baseball bat,19,51,324,97
baseball_bat231.jpeg,225,225,baseball bat,18,16,207,204
baseball_bat232.jpeg,225,225,baseball bat,13,14,210,205
baseball_bat234.jpeg,275,183,baseball bat,179,35,247,167
baseball_bat235.jpeg,195,258,baseball bat,130,1,157,258
baseball_bat235.jpeg,195,258,baseball bat,96,1,123,258
baseball_bat235.jpeg,195,258,baseball bat,64,1,89,258
baseball_bat235.jpeg,195,258,baseball bat,30,1,57,258
baseball_bat235.jpeg,195,258,baseball bat,1,1,24,258
baseball_bat236.jpeg,431,117,baseball bat,1,31,400,93
baseball_bat237.jpeg,304,166,baseball bat,14,77,287,105
baseball_bat238.jpeg,225,225,baseball bat,1,1,223,225
baseball_bat239.jpeg,224,225,baseball bat,1,1,224,225
baseball_bat24.jpeg,299,168,baseball bat,110,28,138,168
baseball_bat24.jpeg,299,168,baseball bat,148,25,177,168
baseball_bat24.jpeg,299,168,baseball bat,189,26,218,168
baseball_bat24.jpeg,299,168,baseball bat,228,26,257,168
baseball_bat24.jpeg,299,168,baseball bat,263,30,293,168
baseball_bat24.jpeg,299,168,baseball bat,42,2,64,64
baseball_bat240.jpeg,225,225,baseball bat,17,23,206,210
baseball_bat25.jpeg,285,177,baseball bat,28,16,136,132
baseball_bat25.jpeg,285,177,baseball bat,26,15,138,130
baseball_bat26.jpeg,177,285,baseball bat,25,18,136,236
baseball_bat27.jpeg,190,266,baseball bat,33,56,58,115
baseball_bat28.jpeg,355,142,baseball bat,6,6,349,138
baseball_bat29.jpeg,225,225,baseball bat,1,179,223,213
baseball_bat29.jpeg,225,225,baseball bat,5,4,223,221
baseball_bat3.jpeg,299,168,baseball bat,53,11,77,62
baseball_bat3.jpeg,299,168,baseball bat,154,10,180,168
baseball_bat3.jpeg,299,168,baseball bat,231,74,265,168
baseball_bat30.jpeg,318,158,baseball bat,25,41,294,90
baseball_bat31.jpeg,259,194,baseball bat,46,4,259,194
baseball_bat32.jpeg,252,200,baseball bat,177,1,252,173
baseball_bat33.jpeg,449,112,baseball bat,1,2,287,112
baseball_bat34.jpeg,275,183,baseball bat,16,82,256,153
baseball_bat36.jpeg,299,169,baseball bat,18,39,282,62
baseball_bat37.jpeg,300,168,baseball bat,127,34,152,168
baseball_bat37.jpeg,300,168,baseball bat,156,32,176,168
baseball_bat37.jpeg,300,168,baseball bat,183,32,204,168
baseball_bat37.jpeg,300,168,baseball bat,209,32,230,168
baseball_bat37.jpeg,300,168,baseball bat,233,33,255,168
baseball_bat37.jpeg,300,168,baseball bat,258,35,280,168
baseball_bat37.jpeg,300,168,baseball bat,54,8,81,54
baseball_bat38.jpeg,216,233,baseball bat,34,36,214,231
baseball_bat38.jpeg,216,233,baseball bat,20,19,198,212
baseball_bat38.jpeg,216,233,baseball bat,5,3,181,194
baseball_bat39.jpeg,219,230,baseball bat,27,29,196,199
baseball_bat39.jpeg,219,230,baseball bat,22,30,193,199
baseball_bat4.jpeg,311,162,baseball bat,126,1,269,162
baseball_bat4.jpeg,311,162,baseball bat,85,24,235,142
baseball_bat4.jpeg,311,162,baseball bat,63,65,252,156
baseball_bat4.jpeg,311,162,baseball bat,69,114,252,162
baseball_bat40.jpeg,225,225,baseball bat,14,12,210,212
baseball_bat41.jpeg,164,308,baseball bat,63,25,92,289
baseball_bat42.jpeg,225,225,baseball bat,1,71,218,181
baseball_bat43.jpeg,259,194,baseball bat,60,35,187,169
baseball_bat44.jpeg,194,259,baseball bat,31,19,155,232
baseball_bat45.jpeg,224,225,baseball bat,1,1,224,224
baseball_bat46.jpeg,275,183,baseball bat,31,77,229,143
baseball_bat47.jpeg,259,194,baseball bat,62,38,185,168
baseball_bat48.jpeg,224,225,baseball bat,2,2,217,221
baseball_bat49.jpeg,313,161,baseball bat,85,1,133,54
baseball_bat5.jpeg,225,225,baseball bat,7,80,219,142
baseball_bat50.jpeg,267,189,baseball bat,187,12,215,189
baseball_bat50.jpeg,267,189,baseball bat,70,1,104,53
baseball_bat51.jpeg,203,248,baseball bat,7,1,193,223
baseball_bat52.jpeg,225,225,baseball bat,5,104,218,120
baseball_bat53.jpeg,275,183,baseball bat,27,74,241,146
baseball_bat54.jpeg,183,275,baseball bat,1,50,181,227
baseball_bat55.jpeg,291,173,baseball bat,73,12,90,128
baseball_bat55.jpeg,291,173,baseball bat,96,11,112,127
baseball_bat55.jpeg,291,173,baseball bat,118,11,137,127
baseball_bat55.jpeg,291,173,baseball bat,140,10,156,128
baseball_bat55.jpeg,291,173,baseball bat,160,8,181,129
baseball_bat55.jpeg,291,173,baseball bat,187,7,207,129
baseball_bat56.jpeg,225,225,baseball bat,1,179,223,212
baseball_bat56.jpeg,225,225,baseball bat,5,4,224,220
baseball_bat57.jpeg,225,225,baseball bat,3,96,217,132
baseball_bat58.jpeg,272,186,baseball bat,15,1,30,165
baseball_bat58.jpeg,272,186,baseball bat,36,74,51,165
baseball_bat58.jpeg,272,186,baseball bat,59,75,73,165
baseball_bat58.jpeg,272,186,baseball bat,79,73,92,165
baseball_bat58.jpeg,272,186,baseball bat,97,1,113,163
baseball_bat58.jpeg,272,186,baseball bat,116,71,129,163
baseball_bat59.jpeg,183,275,baseball bat,1,1,181,273
baseball_bat6.jpeg,201,251,baseball bat,54,6,77,224
baseball_bat6.jpeg,201,251,baseball bat,82,6,123,251
baseball_bat6.jpeg,201,251,baseball bat,124,1,158,183
baseball_bat62.jpeg,225,225,baseball bat,12,12,213,212
baseball_bat62.jpeg,225,225,baseball bat,11,12,213,211
baseball_bat63.jpeg,318,159,baseball bat,157,1,215,122
baseball_bat64.jpeg,275,183,baseball bat,32,37,247,127
baseball_bat65.jpeg,225,225,baseball bat,3,3,224,221
baseball_bat66.jpeg,275,183,baseball bat,216,1,240,156
baseball_bat66.jpeg,275,183,baseball bat,207,1,230,159
baseball_bat66.jpeg,275,183,baseball bat,172,7,204,164
baseball_bat66.jpeg,275,183,baseball bat,162,7,193,166
baseball_bat66.jpeg,275,183,baseball bat,143,11,181,167
baseball_bat66.jpeg,275,183,baseball bat,131,12,170,172
baseball_bat66.jpeg,275,183,baseball bat,121,13,158,171
baseball_bat66.jpeg,275,183,baseball bat,120,35,146,176
baseball_bat67.jpeg,225,225,baseball bat,14,33,203,197
baseball_bat68.jpeg,299,168,baseball bat,129,54,254,160
baseball_bat69.jpeg,151,334,baseball bat,10,12,141,321
baseball_bat7.jpeg,275,183,baseball bat,25,1,275,153
baseball_bat72.jpeg,225,225,baseball bat,14,12,210,212
baseball_bat73.jpeg,224,225,baseball bat,1,1,224,225
baseball_bat74.jpeg,328,153,baseball bat,28,45,294,92
baseball_bat74.jpeg,328,153,baseball bat,26,51,289,118
baseball_bat75.jpeg,183,275,baseball bat,81,73,137,275
baseball_bat77.jpeg,250,141,baseball bat,18,15,234,130
baseball_bat78.jpeg,202,249,baseball bat,1,1,202,234
baseball_bat79.jpeg,348,145,baseball bat,20,22,339,143
baseball_bat8.jpeg,221,228,baseball bat,11,10,210,208
baseball_bat80.jpeg,185,272,baseball bat,11,10,126,187
baseball_bat81.jpeg,183,275,baseball bat,4,1,153,274
baseball_bat82.jpeg,225,225,baseball bat,1,183,223,213
baseball_bat82.jpeg,225,225,baseball bat,6,4,224,221
baseball_bat83.jpeg,168,299,baseball bat,70,11,96,288
baseball_bat84.jpeg,275,183,baseball bat,71,94,207,144
baseball_bat85.jpeg,318,159,baseball bat,31,70,286,90
baseball_bat86.jpeg,225,225,baseball bat,117,46,147,225
baseball_bat86.jpeg,225,225,baseball bat,80,4,96,219
baseball_bat87.jpeg,225,225,baseball bat,5,7,220,223
baseball_bat88.jpeg,168,300,baseball bat,5,28,57,100
baseball_bat89.jpeg,225,225,baseball bat,14,12,210,212
baseball_bat9.jpeg,183,275,baseball bat,46,10,70,256
baseball_bat90.jpeg,225,225,baseball bat,15,111,203,127
baseball_bat91.jpeg,183,275,baseball bat,16,73,183,250
baseball_bat92.jpeg,225,225,baseball bat,10,2,215,203
baseball_bat93.jpeg,225,225,baseball bat,21,11,135,213
baseball_bat93.jpeg,225,225,baseball bat,91,9,205,213
baseball_bat94.jpeg,186,271,baseball bat,20,70,153,191
baseball_bat95.jpeg,275,183,baseball bat,168,1,182,76
baseball_bat96.jpeg,225,225,baseball bat,115,47,148,221
baseball_bat96.jpeg,225,225,baseball bat,80,4,99,221
baseball_bat97.jpeg,185,272,baseball bat,12,106,181,123
baseball_bat98.jpeg,202,250,baseball bat,68,44,121,120
baseball_bat99.jpeg,182,277,baseball bat,1,5,139,257
bed-matress (1).jpeg,225,225,bed-matress,34,115,197,173
bed-matress (10).jpeg,306,165,bed-matress,54,73,248,114
bed-matress (104).jpeg,197,256,bed-matress,1,1,196,134
bed-matress (105).jpeg,225,225,bed-matress,3,82,213,160
bed-matress (106).jpeg,232,217,bed-matress,88,113,232,184
bed-matress (107).jpeg,206,245,bed-matress,24,179,191,245
bed-matress (108).jpeg,329,153,bed-matress,63,36,263,109
bed-matress (109).jpeg,296,170,bed-matress,24,43,272,140
bed-matress (11).jpeg,168,300,bed-matress,1,131,168,236
bed-matress (110).jpeg,278,181,bed-matress,1,55,256,142
bed-matress (111).jpeg,275,183,bed-matress,1,1,161,128
bed-matress (112).jpeg,225,225,bed-matress,10,116,217,173
bed-matress (113).jpeg,259,194,bed-matress,34,39,259,163
bed-matress (114).jpeg,275,183,bed-matress,54,126,275,183
bed-matress (115).jpeg,225,225,bed-matress,30,108,200,152
bed-matress (116).jpeg,259,194,bed-matress,76,43,259,182
bed-matress (117).jpeg,270,187,bed-matress,1,40,270,187
bed-matress (118).jpeg,259,194,bed-matress,20,35,251,187
bed-matress (119).jpeg,284,178,bed-matress,72,98,212,137
bed-matress (12).jpeg,263,192,bed-matress,36,63,263,130
bed-matress (120).jpeg,225,225,bed-matress,6,124,217,175
bed-matress (121).jpeg,288,175,bed-matress,16,89,167,146
bed-matress (122).jpeg,259,194,bed-matress,1,28,258,194
bed-matress (123).jpeg,300,168,bed-matress,44,61,259,119
bed-matress (124).jpeg,259,194,bed-matress,27,57,253,194
bed-matress (125).jpeg,259,194,bed-matress,28,58,236,133
bed-matress (126).jpeg,275,183,bed-matress,1,33,267,164
bed-matress (127).jpeg,278,181,bed-matress,46,79,240,137
bed-matress (128).jpeg,306,165,bed-matress,45,27,278,106
bed-matress (128).jpeg,306,165,bed-matress,30,64,265,144
bed-matress (129).jpeg,275,183,bed-matress,1,17,273,183
bed-matress (13).jpeg,224,224,bed-matress,24,95,201,159
bed-matress (130).jpeg,300,168,bed-matress,1,66,300,168
bed-matress (131).jpeg,224,224,bed-matress,18,102,208,161
bed-matress (132).jpeg,287,176,bed-matress,1,56,267,139
bed-matress (133).jpeg,259,194,bed-matress,86,110,259,186
bed-matress (133).jpeg,259,194,bed-matress,1,112,82,169
bed-matress (134).jpeg,310,163,bed-matress,50,44,246,116
bed-matress (135).jpeg,303,166,bed-matress,1,72,298,147
bed-matress (136).jpeg,337,150,bed-matress,151,60,296,89
bed-matress (137).jpeg,300,168,bed-matress,5,62,300,168
bed-matress (138).jpeg,225,225,bed-matress,1,54,225,176
bed-matress (139).jpeg,225,225,bed-matress,16,105,211,163
bed-matress (14).jpeg,238,212,bed-matress,17,59,218,159
bed-matress (140).jpeg,259,194,bed-matress,46,51,259,124
bed-matress (141).jpeg,294,172,bed-matress,71,50,234,118
bed-matress (142).jpeg,275,183,bed-matress,1,70,274,183
bed-matress (143).jpeg,194,259,bed-matress,5,114,186,169
bed-matress (144).jpeg,225,225,bed-matress,1,83,214,169
bed-matress (145).jpeg,276,183,bed-matress,65,70,245,125
bed-matress (146).jpeg,201,251,bed-matress,1,55,201,230
bed-matress (147).jpeg,225,224,bed-matress,16,71,209,154
bed-matress (148).jpeg,225,225,bed-matress,34,62,225,142
bed-matress (149).jpeg,279,180,bed-matress,42,1,277,180
bed-matress (15).jpeg,297,170,bed-matress,1,13,297,170
bed-matress (150).jpeg,225,225,bed-matress,35,87,225,161
bed-matress (151).jpeg,229,220,bed-matress,9,111,217,171
bed-matress (152).jpeg,275,183,bed-matress,1,40,233,151
bed-matress (153).jpeg,254,199,bed-matress,2,75,254,146
bed-matress (154).jpeg,402,125,bed-matress,111,42,292,113
bed-matress (155).jpeg,233,217,bed-matress,1,86,232,217
bed-matress (156).jpeg,259,194,bed-matress,50,83,213,131
bed-matress (157).jpeg,225,225,bed-matress,30,127,209,182
bed-matress (158).jpeg,299,168,bed-matress,20,93,299,168
bed-matress (159).jpeg,310,162,bed-matress,45,53,260,97
bed-matress (16).jpeg,260,194,bed-matress,52,101,230,157
bed-matress (160).jpeg,275,183,bed-matress,83,88,188,123
bed-matress (161).jpeg,225,225,bed-matress,14,78,220,177
bed-matress (162).jpeg,275,183,bed-matress,14,41,261,130
bed-matress (163).jpeg,338,149,bed-matress,4,78,305,149
bed-matress (164).jpeg,255,198,bed-matress,7,73,248,157
bed-matress (165).jpeg,225,225,bed-matress,34,74,202,179
bed-matress (166).jpeg,225,225,bed-matress,54,108,169,146
bed-matress (167).jpeg,305,165,bed-matress,29,48,283,119
bed-matress (168).jpeg,260,194,bed-matress,1,42,249,119
bed-matress (168).jpeg,260,194,bed-matress,24,14,260,56
bed-matress (169).jpeg,300,168,bed-matress,64,59,239,121
bed-matress (17).jpeg,260,194,bed-matress,12,79,250,162
bed-matress (170).jpeg,225,225,bed-matress,35,102,194,146
bed-matress (171).jpeg,300,168,bed-matress,101,69,197,99
bed-matress (172).jpeg,300,168,bed-matress,1,35,225,168
bed-matress (173).jpeg,263,192,bed-matress,48,96,178,135
bed-matress (176).jpeg,275,183,bed-matress,55,68,221,113
bed-matress (177).jpeg,275,183,bed-matress,27,85,247,178
bed-matress (178).jpeg,168,300,bed-matress,30,193,168,299
bed-matress (179).jpeg,300,168,bed-matress,1,1,299,168
bed-matress (18).jpeg,225,225,bed-matress,1,118,124,145
bed-matress (181).jpeg,330,153,bed-matress,88,81,297,123
bed-matress (182).jpeg,268,188,bed-matress,38,82,231,136
bed-matress (183).jpeg,275,183,bed-matress,18,40,259,115
bed-matress (184).jpeg,300,168,bed-matress,38,60,259,120
bed-matress (185).jpeg,318,159,bed-matress,1,71,318,141
bed-matress (186).jpeg,255,198,bed-matress,1,87,237,198
bed-matress (187).jpeg,275,183,bed-matress,40,1,275,177
bed-matress (188).jpeg,225,225,bed-matress,26,102,197,154
bed-matress (189).jpeg,278,181,bed-matress,1,72,278,179
bed-matress (19).jpeg,318,159,bed-matress,145,58,281,100
bed-matress (191).jpeg,275,183,bed-matress,132,110,275,176
bed-matress (192).jpeg,275,183,bed-matress,1,137,275,183
bed-matress (193).jpeg,225,225,bed-matress,26,80,212,152
bed-matress (194).jpeg,225,225,bed-matress,10,105,208,164
bed-matress (195).jpeg,300,168,bed-matress,45,91,258,153
bed-matress (196).jpeg,275,183,bed-matress,61,88,253,174
bed-matress (197).jpeg,300,168,bed-matress,1,101,171,168
bed-matress (198).jpeg,318,159,bed-matress,91,88,222,128
bed-matress (199).jpeg,313,161,bed-matress,20,24,270,139
bed-matress (2).jpeg,275,183,bed-matress,34,109,249,143
bed-matress (20).jpeg,259,194,bed-matress,32,105,220,156
bed-matress (200).jpeg,275,183,bed-matress,63,86,275,183
bed-matress (201).jpeg,225,225,bed-matress,15,75,211,187
bed-matress (202).jpeg,275,183,bed-matress,41,87,207,143
bed-matress (203).jpeg,259,195,bed-matress,1,95,177,157
bed-matress (203).jpeg,259,195,bed-matress,66,107,259,195
bed-matress (204).jpeg,225,225,bed-matress,78,54,225,143
bed-matress (205).jpeg,275,183,bed-matress,4,123,249,183
bed-matress (206).jpeg,300,168,bed-matress,77,69,221,108
bed-matress (207).jpeg,225,225,bed-matress,19,78,212,157
bed-matress (208).jpeg,300,168,bed-matress,43,29,273,106
bed-matress (209).jpeg,275,183,bed-matress,33,47,216,141
bed-matress (21).jpeg,300,168,bed-matress,2,28,278,162
bed-matress (210).jpeg,275,183,bed-matress,1,110,231,183
bed-matress (211).jpeg,275,183,bed-matress,58,68,246,134
bed-matress (212).jpeg,284,177,bed-matress,1,84,94,156
bed-matress (212).jpeg,284,177,bed-matress,95,90,191,176
bed-matress (212).jpeg,284,177,bed-matress,189,75,284,177
bed-matress (213).jpeg,259,194,bed-matress,1,35,257,194
bed-matress (214).jpeg,259,194,bed-matress,46,75,212,126
bed-matress (215).jpeg,259,194,bed-matress,55,88,203,136
bed-matress (216).jpeg,251,201,bed-matress,31,127,213,176
bed-matress (217).jpeg,275,183,bed-matress,44,77,204,130
bed-matress (218).jpeg,241,209,bed-matress,1,98,235,166
bed-matress (219).jpeg,278,181,bed-matress,1,57,249,137
bed-matress (22).jpeg,293,172,bed-matress,45,53,209,172
bed-matress (220).jpeg,225,225,bed-matress,1,76,223,225
bed-matress (221).jpeg,300,168,bed-matress,80,102,275,135
bed-matress (222).jpeg,159,318,bed-matress,42,56,159,245
bed-matress (223).jpeg,194,259,bed-matress,18,95,179,167
bed-matress (224).jpeg,300,168,bed-matress,70,91,211,158
bed-matress (225).jpeg,269,187,bed-matress,30,66,269,153
bed-matress (226).jpeg,194,259,bed-matress,2,103,190,171
bed-matress (227).jpeg,259,194,bed-matress,19,76,242,131
bed-matress (228).jpeg,275,183,bed-matress,37,119,244,183
bed-matress (229).jpeg,225,225,bed-matress,45,120,225,212
bed-matress (23).jpeg,300,168,bed-matress,1,60,192,168
bed-matress (230).jpeg,251,201,bed-matress,5,50,247,159
bed-matress (231).jpeg,275,183,bed-matress,38,74,275,183
bed-matress (233).jpeg,225,225,bed-matress,16,104,222,160
bed-matress (234).jpeg,310,163,bed-matress,1,91,175,163
bed-matress (235).jpeg,293,172,bed-matress,157,75,293,121
bed-matress (236).jpeg,225,225,bed-matress,1,110,201,184
bed-matress (237).jpeg,275,183,bed-matress,32,42,244,134
bed-matress (238).jpeg,275,183,bed-matress,1,1,274,181
bed-matress (239).jpeg,410,123,bed-matress,70,28,362,90
bed-matress (24).jpeg,260,194,bed-matress,40,39,202,76
bed-matress (24).jpeg,260,194,bed-matress,24,80,248,132
bed-matress (24).jpeg,260,194,bed-matress,1,130,260,194
bed-matress (240).jpeg,259,194,bed-matress,43,62,226,169
bed-matress (241).jpeg,225,225,bed-matress,36,124,185,170
bed-matress (242).jpeg,225,225,bed-matress,11,76,212,151
bed-matress (243).jpeg,225,225,bed-matress,1,43,203,179
bed-matress (244).jpeg,254,199,bed-matress,1,71,253,148
bed-matress (245).jpeg,275,183,bed-matress,1,27,274,183
bed-matress (247).jpeg,194,259,bed-matress,22,144,171,203
bed-matress (248).jpeg,274,184,bed-matress,23,59,270,136
bed-matress (248).jpeg,274,184,bed-matress,167,108,269,145
bed-matress (248).jpeg,274,184,bed-matress,100,127,212,168
bed-matress (249).jpeg,258,195,bed-matress,2,76,251,145
bed-matress (25).jpeg,311,162,bed-matress,172,69,299,107
bed-matress (250).jpeg,318,159,bed-matress,1,58,318,159
bed-matress (251).jpeg,259,194,bed-matress,90,35,259,129
bed-matress (252).jpeg,281,180,bed-matress,1,82,281,180
bed-matress (253).jpeg,225,225,bed-matress,51,99,225,225
bed-matress (254).jpeg,300,168,bed-matress,40,28,265,137
bed-matress (26).jpeg,262,192,bed-matress,47,96,214,147
bed-matress (27).jpeg,226,223,bed-matress,55,76,170,118
bed-matress (28).jpeg,275,183,bed-matress,1,88,275,183
bed-matress (29).jpeg,250,201,bed-matress,33,104,199,154
bed-matress (3).jpeg,318,158,bed-matress,8,26,313,140
bed-matress (30).jpeg,255,197,bed-matress,57,78,186,120
bed-matress (32).jpeg,327,154,bed-matress,56,65,327,143
bed-matress (32).jpeg,327,154,bed-matress,1,1,70,103
bed-matress (32).jpeg,327,154,bed-matress,66,32,326,77
bed-matress (32).jpeg,327,154,bed-matress,43,1,313,58
bed-matress (32).jpeg,327,154,bed-matress,130,1,309,36
bed-matress (33).jpeg,225,225,bed-matress,21,103,177,154
bed-matress (34).jpeg,267,189,bed-matress,7,4,259,181
bed-matress (36).jpeg,275,183,bed-matress,1,59,274,183
bed-matress (37).jpeg,300,168,bed-matress,1,1,300,144
bed-matress (38).jpeg,299,168,bed-matress,31,29,265,140
bed-matress (39).jpeg,275,183,bed-matress,60,56,215,147
bed-matress (4).jpeg,281,180,bed-matress,1,88,281,180
bed-matress (40).jpeg,275,183,bed-matress,1,33,275,166
bed-matress (41).jpeg,260,194,bed-matress,86,90,260,194
bed-matress (42).jpeg,284,177,bed-matress,2,80,284,177
bed-matress (44).jpeg,259,194,bed-matress,33,83,218,128
bed-matress (45).jpeg,275,183,bed-matress,45,61,238,134
bed-matress (46).jpeg,275,183,bed-matress,1,87,275,183
bed-matress (47).jpeg,268,188,bed-matress,66,88,205,150
bed-matress (48).jpeg,275,183,bed-matress,1,1,237,183
bed-matress (5).jpeg,259,194,bed-matress,52,103,199,142
bed-matress (50).jpeg,224,224,bed-matress,1,68,223,195
bed-matress (51).jpeg,225,225,bed-matress,15,119,210,172
bed-matress (52).jpeg,259,194,bed-matress,29,76,231,131
bed-matress (53).jpeg,225,225,bed-matress,1,1,224,178
bed-matress (54).jpeg,300,168,bed-matress,1,76,210,168
bed-matress (55).jpeg,313,161,bed-matress,61,45,223,121
bed-matress (56).jpeg,300,168,bed-matress,1,82,300,168
bed-matress (57).jpeg,225,225,bed-matress,1,48,223,225
bed-matress (58).jpeg,225,225,bed-matress,1,30,202,146
bed-matress (59).jpeg,225,225,bed-matress,1,61,206,152
bed-matress (6).jpeg,225,225,bed-matress,24,107,200,145
bed-matress (60).jpeg,255,198,bed-matress,1,129,252,198
bed-matress (61).jpeg,263,192,bed-matress,1,1,261,167
bed-matress (62).jpeg,225,225,bed-matress,1,55,209,131
bed-matress (63).jpeg,224,224,bed-matress,1,63,222,210
bed-matress (65).jpeg,307,164,bed-matress,80,1,307,144
bed-matress (66).jpeg,286,176,bed-matress,1,1,241,174
bed-matress (67).jpeg,275,183,bed-matress,1,68,185,183
bed-matress (68).jpeg,296,170,bed-matress,14,51,288,124
bed-matress (69).jpeg,259,194,bed-matress,1,70,208,193
bed-matress (70).jpeg,276,183,bed-matress,71,8,190,134
bed-matress (71).jpeg,275,183,bed-matress,2,88,275,183
bed-matress (72).jpeg,254,199,bed-matress,1,53,235,143
bed-matress (73).jpeg,225,225,bed-matress,1,88,225,212
bed-matress (74).jpeg,300,168,bed-matress,76,120,212,163
bed-matress (74).jpeg,300,168,bed-matress,87,97,231,132
bed-matress (74).jpeg,300,168,bed-matress,72,69,209,102
bed-matress (74).jpeg,300,168,bed-matress,80,40,227,73
bed-matress (75).jpeg,318,159,bed-matress,147,45,318,145
bed-matress (76).jpeg,183,275,bed-matress,1,144,183,232
bed-matress (77).jpeg,275,183,bed-matress,2,44,275,183
bed-matress (78).jpeg,197,255,bed-matress,18,93,184,203
bed-matress (79).jpeg,275,183,bed-matress,10,85,213,137
bed-matress (8).jpeg,224,225,bed-matress,8,97,215,149
bed-matress (80).jpeg,205,246,bed-matress,31,141,198,186
bed-matress (81).jpeg,225,224,bed-matress,7,41,221,218
bed-matress (82).jpeg,194,259,bed-matress,1,129,193,225
bed-matress (83).jpeg,275,183,bed-matress,25,47,158,71
bed-matress (83).jpeg,275,183,bed-matress,98,102,256,169
bed-matress (84).jpeg,275,183,bed-matress,60,73,226,138
bed-matress (85).jpeg,282,179,bed-matress,57,74,223,120
bed-matress (86).jpeg,275,183,bed-matress,1,92,220,164
bed-matress (87).jpeg,270,187,bed-matress,57,81,213,121
bed-matress (88).jpeg,212,238,bed-matress,1,127,148,215
bed-matress (89).jpeg,275,183,bed-matress,67,29,275,170
bed-matress (9).jpeg,300,168,bed-matress,64,76,233,127
bed-matress (90).jpeg,251,201,bed-matress,1,99,250,201
bed-matress (91).jpeg,259,194,bed-matress,106,43,259,113
bed-matress (92).jpeg,225,225,bed-matress,25,50,205,172
bed-matress (93).jpeg,278,181,bed-matress,46,50,243,139
bed-matress (94).jpeg,284,177,bed-matress,9,38,278,118
bed-matress (95).jpeg,194,259,bed-matress,1,109,194,239
bed-matress (96).jpeg,259,194,bed-matress,1,63,259,194
bed-matress (97).jpeg,225,225,bed-matress,37,115,191,171
bed-matress (98).jpeg,225,224,bed-matress,27,144,221,205
bed-matress (99).jpeg,205,246,bed-matress,3,163,181,246
bed-matress (99).jpeg,205,246,bed-matress,89,126,205,206
boat (168).jpeg,225,225,boat,1,50,225,225
boat (171).jpeg,275,183,boat,35,26,217,148
boat (172).jpeg,301,168,boat,7,47,291,130
boat (173).jpeg,275,183,boat,129,114,165,141
boat (174).jpeg,300,168,boat,64,58,235,117
boat (175).jpeg,234,215,boat,27,110,214,151
boat (176).jpeg,276,183,boat,43,134,123,171
boat (176).jpeg,276,183,boat,132,142,148,156
boat (177).jpeg,259,194,boat,1,106,259,194
boat (178).jpeg,275,183,boat,24,1,232,183
boat (179).jpeg,300,168,boat,82,63,245,136
boat (180).jpeg,276,182,boat,53,98,130,130
boat (181).jpeg,268,188,boat,1,1,154,153
boat (182).jpeg,203,248,boat,124,120,176,192
boat (183).jpeg,275,183,boat,66,23,176,129
boat (184).jpeg,269,188,boat,27,31,242,128
boat (185).jpeg,315,160,boat,55,9,270,98
boat (186).jpeg,421,119,boat,67,17,245,99
boat (187).jpeg,201,251,boat,69,102,91,142
boat (188).jpeg,217,233,boat,1,1,216,233
boat (189).jpeg,275,184,boat,22,1,212,125
boat (190).jpeg,199,253,boat,1,1,198,253
boat (191).jpeg,347,145,boat,38,26,249,106
boat (192).jpeg,259,194,boat,19,29,229,165
boat (193).jpeg,225,225,boat,15,75,209,158
boat (194).jpeg,283,178,boat,38,32,262,134
boat (195).jpeg,347,145,boat,5,6,343,140
boat (196).jpeg,195,259,boat,63,64,140,125
boat (198).jpeg,367,137,boat,24,35,334,124
boat (199).jpeg,318,159,boat,190,119,237,159
boat (199).jpeg,318,159,boat,67,139,147,159
boat (199).jpeg,318,159,boat,1,126,36,159
boat (199).jpeg,318,159,boat,86,107,130,131
boat (199).jpeg,318,159,boat,209,97,221,112
boat (199).jpeg,318,159,boat,278,113,304,134
boat (199).jpeg,318,159,boat,311,126,318,151
boat (199).jpeg,318,159,boat,304,115,318,133
boat (199).jpeg,318,159,boat,152,102,172,112
boat (200).jpeg,275,183,boat,8,89,242,154
boat (201).jpeg,275,183,boat,16,53,242,146
boat (202).jpeg,309,163,boat,6,1,303,163
boat (203).jpeg,276,182,boat,23,28,259,155
boat (204).jpeg,275,183,boat,1,74,253,183
boat (205).jpeg,284,177,boat,90,8,131,138
boat (205).jpeg,284,177,boat,132,12,243,118
boat (206).jpeg,370,136,boat,16,24,365,116
boat (207).jpeg,270,187,boat,1,1,268,187
boat (208).jpeg,225,225,boat,6,42,219,184
boat (209).jpeg,300,168,boat,49,24,248,122
boat (210).jpeg,275,183,boat,60,54,267,125
boat (211).jpeg,275,183,boat,126,74,228,169
boat (212).jpeg,275,183,boat,39,47,184,154
boat (213).jpeg,300,168,boat,30,1,300,168
boat (214).jpeg,312,161,boat,33,3,289,156
boat (215).jpeg,275,183,boat,1,1,266,183
boat (217).jpeg,275,183,boat,71,82,195,129
boat (218).jpeg,333,151,boat,50,28,292,151
boat (219).jpeg,300,168,boat,1,45,293,168
boat (221).jpeg,300,168,boat,76,48,224,121
boat (222).jpeg,268,188,boat,1,1,267,188
boat (223).jpeg,259,194,boat,1,57,246,143
boat (224).jpeg,318,159,boat,1,63,142,95
boat (225).jpeg,300,168,boat,55,17,112,131
boat (226).jpeg,275,183,boat,110,42,157,119
boat (227).jpeg,300,168,boat,15,51,277,126
boat (228).jpeg,305,165,boat,98,67,185,92
boat (229).jpeg,259,194,boat,157,117,240,141
boat (230).jpeg,242,208,boat,53,1,201,208
boat (231).jpeg,275,183,boat,68,53,131,152
boat (231).jpeg,275,183,boat,1,131,43,162
boat (232).jpeg,267,189,boat,19,26,251,147
boat (233).jpeg,275,183,boat,194,111,241,136
boat (236).jpeg,259,194,boat,49,56,208,152
boat (238).jpeg,259,194,boat,30,78,192,174
boat (239).jpeg,275,183,boat,55,111,156,145
boat (240).jpeg,276,182,boat,20,63,254,143
boat (244).jpeg,297,170,boat,16,39,285,126
boat (246).jpeg,259,194,boat,68,1,259,163
boat (247).jpeg,220,229,boat,44,82,213,123
boat (248).jpeg,255,197,boat,38,65,134,150
boat (249).jpeg,352,143,boat,21,30,327,98
boat (251).jpeg,300,168,boat,35,108,121,137
boat (255).jpeg,259,194,boat,1,1,61,50
boat (255).jpeg,259,194,boat,25,30,255,194
boat (256).jpeg,168,300,boat,18,162,152,219
boat (259).jpeg,168,300,boat,1,104,141,190
boat (260).jpeg,259,194,boat,19,70,251,147
boat (260).jpeg,259,194,boat,1,103,27,126
boat (261).jpeg,279,181,boat,38,93,220,165
boat (262).jpeg,299,169,boat,186,114,299,145
boat (262).jpeg,299,169,boat,1,89,293,114
boat (263).jpeg,275,183,boat,185,55,226,126
boat (263).jpeg,275,183,boat,240,82,252,99
boat (263).jpeg,275,183,boat,223,89,239,106
boat (263).jpeg,275,183,boat,179,87,190,98
boat (263).jpeg,275,183,boat,154,84,174,103
boat (263).jpeg,275,183,boat,111,74,159,129
boat (263).jpeg,275,183,boat,50,69,113,120
boat (263).jpeg,275,183,boat,1,93,36,113
boat (264).jpeg,275,183,boat,67,38,144,111
boat (266).jpeg,259,194,boat,84,64,175,126
boat (267).jpeg,259,194,boat,86,9,179,118
boat (268).jpeg,315,160,boat,19,24,302,139
boat (269).jpeg,290,174,boat,11,56,269,146
boat (270).jpeg,299,168,boat,73,67,218,117
boat (271).jpeg,300,168,boat,14,22,286,138
boat (272).jpeg,275,183,boat,1,46,275,138
boat (273).jpeg,259,194,boat,3,86,253,152
boat (273).jpeg,259,194,boat,1,42,98,95
boat (273).jpeg,259,194,boat,93,37,220,93
boat (273).jpeg,259,194,boat,212,48,259,95
boat (275).jpeg,275,183,boat,118,124,159,141
boat (276).jpeg,225,225,boat,3,49,220,187
boat (277).jpeg,378,133,boat,176,74,239,96
boat (279).jpeg,193,262,boat,70,10,170,212
boat (280).jpeg,195,259,boat,2,47,193,221
boat (281).jpeg,202,249,boat,5,71,202,135
boat (283).jpeg,275,183,boat,55,78,238,112
boat (283).jpeg,275,183,boat,247,99,261,111
boat (284).jpeg,203,248,boat,13,8,192,234
boat (287).jpeg,276,183,boat,159,52,230,79
boat (289).jpeg,259,194,boat,83,102,133,122
boat (289).jpeg,259,194,boat,17,59,108,99
boat (291).jpeg,225,225,boat,18,155,171,192
boat (292).jpeg,225,225,boat,101,51,128,158
boat (295).jpeg,275,183,boat,119,82,222,109
boat (297).jpeg,275,183,boat,83,17,269,114
boat (299).jpeg,259,194,boat,130,122,197,194
boat (299).jpeg,259,194,boat,31,119,140,194
boat (300).jpeg,201,251,boat,3,108,201,176
boat (302).jpeg,183,275,boat,65,81,124,147
boat (303).jpeg,275,183,boat,224,51,232,60
boat (304).jpeg,357,141,boat,6,2,351,139
boat (305).jpeg,300,168,boat,14,21,288,126
boat (306).jpeg,259,194,boat,15,4,248,140
boat (307).jpeg,333,151,boat,61,33,300,130
boat (308).jpeg,278,181,boat,20,55,252,150
boat (309).jpeg,253,199,boat,81,72,235,144
boat (309).jpeg,253,199,boat,1,95,17,108
boat (309).jpeg,253,199,boat,42,93,84,117
boat (310).jpeg,290,174,boat,18,7,269,141
boat (312).jpeg,318,159,boat,51,50,258,111
boat (312).jpeg,318,159,boat,220,80,318,107
boat (314).jpeg,419,120,boat,11,41,245,91
boat (314).jpeg,419,120,boat,307,25,402,96
boat (315).jpeg,300,168,boat,81,5,224,168
boat (320).jpeg,243,207,boat,50,47,209,164
boat (323).jpeg,331,152,boat,86,25,212,102
boat (324).jpeg,225,225,boat,16,70,210,176
boat (325).jpeg,337,150,boat,20,53,304,132
boat (326).jpeg,275,183,boat,1,32,273,139
boat (328).jpeg,259,194,boat,73,66,200,157
boat (329).jpeg,274,184,boat,115,15,227,150
boat (330).jpeg,275,183,boat,46,70,225,174
boat (331).jpeg,275,183,boat,158,19,224,167
boat (334).jpeg,168,300,boat,1,12,168,300
boat (335).jpeg,294,171,boat,194,15,275,119
boat (336).jpeg,275,183,boat,68,14,200,105
boat (338).jpeg,183,275,boat,79,130,105,161
boat (339).jpeg,264,191,boat,8,37,254,157
boat (340).jpeg,275,183,boat,148,34,256,61
boat (340).jpeg,275,183,boat,1,92,260,179
boat (340).jpeg,275,183,boat,11,11,120,70
boat (341).jpeg,225,225,boat,77,85,152,146
boat (344).jpeg,275,183,boat,1,1,275,183
boat (345).jpeg,220,160,boat,15,17,209,108
boat (346).jpeg,290,174,boat,8,29,282,134
boat (348).jpeg,275,183,boat,121,32,154,144
boat (350).jpeg,183,275,boat,45,140,139,185
boat (352).jpeg,275,183,boat,1,1,274,164
boat (356).jpeg,168,299,boat,58,76,108,248
boat (357).jpeg,275,183,boat,1,69,242,136
boat (358).jpeg,275,183,boat,99,16,180,149
boat (362).jpeg,275,183,boat,115,64,184,136
boat (363).jpeg,275,183,boat,33,1,254,170
boat (364).jpeg,168,300,boat,1,140,159,283
boat (365).jpeg,318,159,boat,2,89,92,118
boat (367).jpeg,300,168,boat,84,64,214,121
boat (369).jpeg,275,183,boat,2,18,272,155
boat (370).jpeg,263,191,boat,18,113,121,164
boat (371).jpeg,275,183,boat,113,12,208,144
boat (372).jpeg,276,183,boat,23,35,205,148
boat (374).jpeg,267,189,boat,30,84,231,189
boat (374).jpeg,267,189,boat,1,56,25,84
boat (374).jpeg,267,189,boat,151,69,242,89
boat (375).jpeg,198,255,boat,85,117,198,255
boat (375).jpeg,198,255,boat,171,66,198,127
boat (376).jpeg,272,185,boat,1,1,272,185
boat (379).jpeg,300,168,boat,182,40,212,63
boat (381).jpeg,300,168,boat,105,71,269,103
boat (382).jpeg,183,275,boat,138,126,163,200
boat (382).jpeg,183,275,boat,125,147,140,195
boat (382).jpeg,183,275,boat,68,117,108,203
boat (382).jpeg,183,275,boat,48,151,67,193
boat (382).jpeg,183,275,boat,24,133,46,198
boat (383).jpeg,183,275,boat,63,114,96,164
boat (384).jpeg,275,183,boat,1,44,275,140
boat (387).jpeg,290,174,boat,10,54,277,126
boat (389).jpeg,265,190,boat,74,73,135,104
boat (390).jpeg,264,191,boat,9,33,254,159
boat (392).jpeg,194,259,boat,87,103,113,149
boat (394).jpeg,300,168,boat,56,1,300,68
boat (400).jpeg,300,168,boat,134,10,199,101
boat (401).jpeg,266,190,boat,41,115,106,156
boat (402).jpeg,283,178,boat,125,41,158,87
boat (404).jpeg,275,183,boat,55,37,178,121
boat (405).jpeg,241,151,boat,36,14,241,112
boat (408).jpeg,189,267,boat,60,133,129,211
boat (412).jpeg,300,168,boat,137,39,164,74
boat (413).jpeg,318,159,boat,155,60,174,100
boat (414).jpeg,278,182,boat,64,37,235,153
boat (416).jpeg,299,168,boat,165,51,208,80
boat (418).jpeg,294,171,boat,15,15,267,131
boat (421).jpeg,300,168,boat,74,79,166,115
boat (423).jpeg,310,163,boat,113,16,160,99
boat (426).jpeg,325,155,boat,66,74,245,118
boat (427).jpeg,275,183,boat,124,134,160,149
boat (430).jpeg,225,225,boat,58,74,162,137
boat (431).jpeg,271,186,boat,13,19,260,166
boat (434).jpeg,318,159,boat,11,41,312,110
boat (435).jpeg,275,183,boat,93,55,191,144
boat (438).jpeg,259,194,boat,108,65,193,146
boat (439).jpeg,275,183,boat,118,121,165,140
boat (441).jpeg,275,183,boat,171,117,234,183
boat (441).jpeg,275,183,boat,42,116,107,176
boat (441).jpeg,275,183,boat,1,114,67,179
boat (442).jpeg,275,183,boat,48,4,217,138
boat (443).jpeg,289,174,boat,6,22,282,121
boat (445).jpeg,275,183,boat,158,72,218,115
boat (445).jpeg,275,183,boat,103,66,114,75
boat (445).jpeg,275,183,boat,114,69,152,121
boat (447).jpeg,168,300,boat,68,190,111,220
boat (448).jpeg,299,168,boat,76,1,245,164
boat (450).jpeg,259,194,boat,20,1,252,194
boat (451).jpeg,275,183,boat,130,85,151,105
boat (455).jpeg,275,183,boat,13,130,145,160
boat (455).jpeg,275,183,boat,178,101,236,127
boat (457).jpeg,318,159,boat,1,1,317,159
boat (458).jpeg,275,183,boat,165,97,245,152
boat (458).jpeg,275,183,boat,152,111,213,140
boat (458).jpeg,275,183,boat,141,98,197,133
boat (459).jpeg,201,251,boat,24,99,143,187
boat (460).jpeg,296,170,boat,7,56,293,130
boat (460).jpeg,296,170,boat,73,39,108,49
boat (464).jpeg,275,183,boat,14,58,97,104
boat (464).jpeg,275,183,boat,50,112,271,146
boat (465).jpeg,275,183,boat,66,16,152,125
boat (477).jpeg,275,183,boat,71,61,239,171
boat (478).jpeg,275,183,boat,75,96,238,160
boat (479).jpeg,300,168,boat,119,78,178,103
boat (479).jpeg,300,168,boat,100,50,119,61
boat (479).jpeg,300,168,boat,109,42,120,50
boat (479).jpeg,300,168,boat,168,34,188,67
boat (479).jpeg,300,168,boat,203,41,216,50
boat (480).jpeg,261,193,boat,62,51,235,150
boat (481).jpeg,301,167,boat,72,53,176,86
boat (482).jpeg,275,183,boat,79,39,196,135
boat (484).jpeg,345,146,boat,43,1,341,145
boat (486).jpeg,275,183,boat,35,51,228,138
boat (487).jpeg,275,183,boat,56,58,227,139
boat (490).jpeg,275,183,boat,20,42,210,149
boat (492).jpeg,275,183,boat,144,43,214,123
boat (493).jpeg,275,183,boat,60,101,152,142
boat (494).jpeg,275,183,boat,36,98,194,137
boat (495).jpeg,252,200,boat,96,100,180,137
boat (496).jpeg,208,242,boat,29,10,169,221
boat (497).jpeg,259,194,boat,88,59,240,103
boat (497).jpeg,259,194,boat,57,34,175,104
boat (497).jpeg,259,194,boat,22,45,138,105
boat (498).jpeg,183,276,boat,11,155,94,222
boat (500).jpeg,375,134,boat,103,82,149,111
boat (501).jpeg,294,171,boat,32,45,263,117
boat (502).jpeg,349,144,boat,32,14,324,117
boat (503).jpeg,349,144,boat,98,106,193,144
boat (503).jpeg,349,144,boat,178,70,265,101
boat (503).jpeg,349,144,boat,198,32,283,63
boat (503).jpeg,349,144,boat,233,5,317,42
boat (504).jpeg,259,194,boat,130,127,230,161
boat (505).jpeg,334,151,boat,60,42,320,115
boat (506).jpeg,276,183,boat,9,50,272,141
boat (507).jpeg,259,194,boat,98,26,200,136
boat (507).jpeg,259,194,boat,81,144,106,161
boat (507).jpeg,259,194,boat,130,141,154,153
boat (507).jpeg,259,194,boat,160,144,193,156
boat (507).jpeg,259,194,boat,208,145,226,159
boat (508).jpeg,285,177,boat,79,32,134,60
boat (508).jpeg,285,177,boat,56,69,285,177
boat (509).jpeg,279,180,boat,7,79,212,141
boat (510).jpeg,275,183,boat,177,121,259,147
boat (510).jpeg,275,183,boat,1,1,261,138
boat (511).jpeg,335,150,boat,210,64,294,108
boat (512).jpeg,201,251,boat,90,175,138,205
boat (512).jpeg,201,251,boat,11,184,72,207
boat (59).jpeg,337,150,boat,20,41,317,126
boat (60).jpeg,275,183,boat,44,110,136,172
bus (176).jpeg,300,168,bus,38,38,275,139
bus (177).jpeg,318,159,bus,1,16,318,129
bus (178).jpeg,312,161,bus,75,27,252,146
bus (179).jpeg,225,225,bus,1,131,161,202
bus (180).jpeg,318,159,bus,1,35,197,88
bus (181).jpeg,275,183,bus,177,77,263,168
bus (182).jpeg,277,182,bus,3,1,272,162
bus (183).jpeg,275,183,bus,108,57,258,132
bus (183).jpeg,275,183,bus,63,65,117,125
bus (183).jpeg,275,183,bus,32,70,73,118
bus (183).jpeg,275,183,bus,15,76,39,111
bus (184).jpeg,259,194,bus,77,76,224,161
bus (185).jpeg,389,129,bus,13,2,296,125
bus (186).jpeg,241,209,bus,114,89,241,209
bus (186).jpeg,241,209,bus,52,107,148,190
bus (186).jpeg,241,209,bus,32,116,85,175
bus (186).jpeg,241,209,bus,15,120,54,168
bus (186).jpeg,241,209,bus,4,124,34,168
bus (188).jpeg,275,183,bus,55,62,211,140
bus (189).jpeg,275,183,bus,104,39,247,133
bus (190).jpeg,300,168,bus,173,1,300,168
bus (190).jpeg,300,168,bus,113,45,177,111
bus (190).jpeg,300,168,bus,65,70,95,100
bus (191).jpeg,271,186,bus,1,1,269,186
bus (192).jpeg,278,181,bus,2,19,140,165
bus (192).jpeg,278,181,bus,134,48,199,148
bus (192).jpeg,278,181,bus,192,71,233,142
bus (192).jpeg,278,181,bus,230,81,258,136
bus (192).jpeg,278,181,bus,252,89,269,131
bus (193).jpeg,225,225,bus,8,37,213,186
bus (194).jpeg,260,194,bus,24,41,149,168
bus (194).jpeg,260,194,bus,139,68,216,145
bus (195).jpeg,273,185,bus,1,16,241,177
bus (196).jpeg,299,168,bus,4,11,297,158
bus (197).jpeg,387,130,bus,43,6,233,120
bus (198).jpeg,275,183,bus,71,69,210,144
bus (200).jpeg,318,159,bus,17,18,301,147
bus (201).jpeg,220,229,bus,1,20,191,160
bus (201).jpeg,220,229,bus,156,52,219,107
bus (202).jpeg,275,183,bus,14,4,265,169
bus (203).jpeg,312,161,bus,30,31,278,149
bus (205).jpeg,300,168,bus,34,26,265,151
bus (207).jpeg,232,217,bus,6,47,230,160
bus (208).jpeg,275,183,bus,93,58,222,124
bus (209).jpeg,236,214,bus,112,52,224,160
bus (209).jpeg,236,214,bus,7,68,138,152
bus (210).jpeg,294,171,bus,29,45,241,141
bus (211).jpeg,275,183,bus,2,36,207,173
bus (211).jpeg,275,183,bus,193,60,252,153
bus (212).jpeg,299,168,bus,187,43,277,129
bus (212).jpeg,299,168,bus,99,23,199,136
bus (212).jpeg,299,168,bus,20,47,112,133
bus (213).jpeg,275,183,bus,1,1,274,182
bus (214).jpeg,261,193,bus,8,44,252,153
bus (215).jpeg,225,225,bus,38,59,182,144
bus (216).jpeg,300,168,bus,142,17,241,100
bus (216).jpeg,300,168,bus,236,51,291,79
bus (216).jpeg,300,168,bus,1,28,107,87
bus (217).jpeg,224,224,bus,20,65,208,153
bus (218).jpeg,308,164,bus,84,35,253,129
bus (219).jpeg,290,174,bus,1,21,192,165
bus (219).jpeg,290,174,bus,182,45,233,150
bus (219).jpeg,290,174,bus,218,59,266,143
bus (219).jpeg,290,174,bus,258,71,289,134
bus (221).jpeg,290,174,bus,142,24,290,169
bus (222).jpeg,300,168,bus,70,1,300,141
bus (223).jpeg,320,158,bus,1,1,173,157
bus (223).jpeg,320,158,bus,143,1,257,158
bus (223).jpeg,320,158,bus,232,1,319,158
bus (224).jpeg,329,153,bus,33,30,310,141
bus (225).jpeg,251,201,bus,7,1,235,201
bus (226).jpeg,275,183,bus,98,69,262,168
bus (227).jpeg,309,163,bus,126,71,270,152
bus (228).jpeg,275,183,bus,7,32,217,154
bus (228).jpeg,275,183,bus,210,62,247,104
bus (228).jpeg,275,183,bus,243,66,262,91
bus (228).jpeg,275,183,bus,261,70,271,86
bus (232).jpeg,275,183,bus,12,66,257,170
bus (233).jpeg,214,236,bus,45,108,166,192
bus (234).jpeg,318,159,bus,2,3,133,152
bus (234).jpeg,318,159,bus,139,1,318,159
bus (235).jpeg,275,183,bus,23,31,228,176
bus (236).jpeg,284,177,bus,46,80,249,156
bus (237).jpeg,300,168,bus,31,4,244,166
bus (238).jpeg,335,150,bus,41,6,286,132
bus (239).jpeg,368,137,bus,55,35,321,122
bus (240).jpeg,275,183,bus,1,1,275,182
bus (241).jpeg,259,194,bus,26,5,240,180
bus (244).jpeg,343,147,bus,6,26,170,147
bus (244).jpeg,343,147,bus,211,28,343,126
bus (245).jpeg,291,173,bus,113,62,243,156
bus (245).jpeg,291,173,bus,1,1,88,173
bus (246).jpeg,287,175,bus,18,61,259,170
bus (246).jpeg,287,175,bus,248,78,287,142
bus (247).jpeg,313,161,bus,48,54,184,156
bus (248).jpeg,276,183,bus,93,71,239,154
bus (249).jpeg,275,183,bus,20,1,275,183
bus (250).jpeg,310,163,bus,146,27,310,147
bus (251).jpeg,323,156,bus,1,67,168,155
bus (251).jpeg,323,156,bus,163,77,218,132
bus (251).jpeg,323,156,bus,206,78,250,129
bus (251).jpeg,323,156,bus,244,91,280,127
bus (252).jpeg,338,149,bus,49,26,265,132
bus (254).jpeg,259,194,bus,190,3,256,169
bus (254).jpeg,259,194,bus,41,2,196,143
bus (254).jpeg,259,194,bus,1,30,44,124
bus (255).jpeg,310,163,bus,38,25,263,130
bus (260).jpeg,275,183,bus,119,100,208,159
bus (261).jpeg,225,225,bus,111,92,196,179
bus (261).jpeg,225,225,bus,1,79,121,184
bus (262).jpeg,299,168,bus,1,39,181,122
bus (263).jpeg,299,168,bus,123,16,299,147
bus (265).jpeg,301,167,bus,26,18,280,142
bus (266).jpeg,300,168,bus,112,43,230,123
bus (267).jpeg,225,225,bus,72,90,212,157
bus (267).jpeg,225,225,bus,25,116,74,150
bus (269).jpeg,194,259,bus,15,54,175,136
bus (270).jpeg,275,183,bus,23,57,231,173
bus (271).jpeg,300,168,bus,4,1,229,165
bus (271).jpeg,300,168,bus,169,56,300,107
bus (273).jpeg,275,183,bus,93,122,243,181
bus (274).jpeg,270,187,bus,25,85,226,148
bus (275).jpeg,284,177,bus,14,69,208,125
bus (277).jpeg,385,131,bus,5,1,228,100
bus (278).jpeg,300,168,bus,165,59,256,119
bus (279).jpeg,259,194,bus,16,20,233,172
bus (280).jpeg,275,183,bus,136,113,162,152
bus (281).jpeg,259,194,bus,45,30,193,166
bus (282).jpeg,259,194,bus,15,18,236,165
bus (284).jpeg,275,183,bus,34,9,242,172
bus (285).jpeg,421,120,bus,180,15,370,108
bus (286).jpeg,352,143,bus,7,30,128,134
bus (288).jpeg,225,225,bus,15,64,212,173
bus (290).jpeg,191,263,bus,110,180,185,259
bus (290).jpeg,191,263,bus,7,186,103,259
bus (291).jpeg,225,225,bus,37,13,206,181
bus (293).jpeg,277,182,bus,40,112,255,173
bus (294).jpeg,235,215,bus,24,117,216,201
bus (294).jpeg,235,215,bus,25,13,215,98
bus (295).jpeg,273,185,bus,25,24,273,160
bus (296).jpeg,225,225,bus,33,31,185,136
bus (298).jpeg,389,129,bus,100,1,362,125
bus (299).jpeg,267,189,bus,102,45,267,188
bus (300).jpeg,343,147,bus,18,14,325,143
bus (301).jpeg,272,185,bus,1,16,201,146
bus (303).jpeg,406,124,bus,50,18,391,112
bus (304).jpeg,259,194,bus,10,29,250,157
bus (305).jpeg,246,205,bus,34,76,209,156
bus (306).jpeg,276,183,bus,149,45,276,178
bus (306).jpeg,276,183,bus,74,78,155,168
bus (306).jpeg,276,183,bus,43,96,81,161
bus (306).jpeg,276,183,bus,21,109,46,155
bus (306).jpeg,276,183,bus,11,114,23,152
bus (307).jpeg,300,168,bus,151,46,269,124
bus (308).jpeg,269,187,bus,1,1,113,61
bus (308).jpeg,269,187,bus,118,1,269,53
bus (308).jpeg,269,187,bus,125,54,269,118
bus (308).jpeg,269,187,bus,1,65,117,130
bus (308).jpeg,269,187,bus,1,130,132,184
bus (308).jpeg,269,187,bus,132,122,268,187
bus (309).jpeg,275,183,bus,150,98,255,164
bus (310).jpeg,292,173,bus,130,56,286,162
bus (310).jpeg,292,173,bus,5,5,208,158
bus (311).jpeg,352,143,bus,54,1,321,142
bus (312).jpeg,300,168,bus,89,24,195,156
bus (313).jpeg,298,169,bus,178,89,281,149
bus (314).jpeg,361,139,bus,86,11,281,131
bus (315).jpeg,300,168,bus,183,101,242,154
bus (315).jpeg,300,168,bus,114,103,200,156
bus (315).jpeg,300,168,bus,49,99,159,155
bus (316).jpeg,225,225,bus,1,67,225,212
bus (317).jpeg,275,183,bus,91,14,275,183
bus (320).jpeg,275,183,bus,177,83,265,169
bus (321).jpeg,225,225,bus,14,61,213,164
bus (322).jpeg,366,138,bus,87,6,278,138
bus (323).jpeg,259,194,bus,28,99,246,194
bus (324).jpeg,300,168,bus,19,21,196,145
bus (325).jpeg,275,183,bus,8,46,265,148
bus (326).jpeg,296,170,bus,58,15,212,108
bus (327).jpeg,315,160,bus,34,55,159,144
bus (328).jpeg,225,225,bus,1,44,223,203
bus (329).jpeg,256,197,bus,9,5,252,186
bus (330).jpeg,276,183,bus,70,8,255,176
bus (331).jpeg,284,177,bus,1,1,283,175
bus (332).jpeg,259,194,bus,114,75,166,108
bus (333).jpeg,275,183,bus,7,92,272,157
bus (334).jpeg,225,225,bus,66,51,224,211
bus (334).jpeg,225,225,bus,1,54,104,189
bus (335).jpeg,225,225,bus,1,1,181,224
bus (335).jpeg,225,225,bus,159,1,224,224
bus (336).jpeg,299,168,bus,1,15,266,161
bus (337).jpeg,225,225,bus,45,143,176,221
bus (338).jpeg,310,163,bus,10,41,141,124
bus (339).jpeg,275,183,bus,19,21,254,150
bus (340).jpeg,299,168,bus,19,17,258,149
bus (341).jpeg,275,183,bus,188,84,275,146
bus (342).jpeg,275,183,bus,28,77,160,183
bus (343).jpeg,389,129,bus,94,31,287,115
bus (344).jpeg,304,166,bus,173,62,304,166
bus (345).jpeg,275,183,bus,32,72,174,141
bus (346).jpeg,299,168,bus,139,38,272,156
bus (347).jpeg,194,259,bus,1,1,194,259
bus (348).jpeg,286,176,bus,43,35,202,145
bus (349).jpeg,346,146,bus,1,1,344,145
bus (350).jpeg,275,183,bus,16,11,203,173
bus (351).jpeg,318,159,bus,16,6,218,151
bus (352).jpeg,275,183,bus,158,106,220,147
bus (353).jpeg,288,175,bus,1,1,287,174
bus (354).jpeg,300,168,bus,163,79,288,147
bus (356).jpeg,259,194,bus,50,72,237,165
bus (356).jpeg,259,194,bus,9,96,53,138
bus (357).jpeg,267,189,bus,43,45,244,184
bus (358).jpeg,366,138,bus,12,1,214,130
bus (358).jpeg,366,138,bus,236,36,366,98
bus (359).jpeg,402,125,bus,59,21,188,115
bus (361).jpeg,275,183,bus,48,20,214,154
bus (362).jpeg,300,168,bus,128,47,284,127
bus (363).jpeg,245,206,bus,25,82,180,156
bus (364).jpeg,300,168,bus,1,66,118,158
bus (364).jpeg,300,168,bus,155,53,292,91
bus (364).jpeg,300,168,bus,117,47,153,60
bus (365).jpeg,234,215,bus,45,93,202,150
bus (367).jpeg,253,200,bus,1,1,252,192
bus (368).jpeg,383,132,bus,205,36,355,115
bus (369).jpeg,275,183,bus,65,56,178,122
bus (370).jpeg,300,168,bus,57,69,278,165
bus (371).jpeg,332,152,bus,10,28,322,123
bus (373).jpeg,297,170,bus,73,80,197,165
bus (374).jpeg,275,183,bus,154,65,275,123
bus (375).jpeg,280,180,bus,43,30,188,134
bus (376).jpeg,276,183,bus,1,1,254,166
bus (377).jpeg,197,256,bus,24,122,172,219
bus (378).jpeg,246,205,bus,42,60,209,145
bus (379).jpeg,275,183,bus,92,32,183,135
bus (380).jpeg,288,175,bus,1,6,287,140
bus (381).jpeg,389,129,bus,73,5,253,111
bus (383).jpeg,275,183,bus,32,71,260,133
bus (384).jpeg,275,183,bus,44,29,217,173
bus (385).jpeg,276,183,bus,1,1,274,181
bus (386).jpeg,301,168,bus,162,60,301,162
bus (389).jpeg,299,168,bus,1,16,287,168
bus (391).jpeg,271,186,bus,2,32,271,163
bus (392).jpeg,300,168,bus,88,64,290,158
bus (396).jpeg,225,225,bus,54,64,168,175
bus (396).jpeg,225,225,bus,1,63,53,154
bus (396).jpeg,225,225,bus,172,74,225,148
bus (397).jpeg,259,194,bus,1,46,252,160
bus (397).jpeg,259,194,bus,246,104,259,137
bus (398).jpeg,225,225,bus,4,23,123,124
bus (400).jpeg,225,225,bus,40,80,189,157
bus (401).jpeg,275,183,bus,1,1,142,172
bus (404).jpeg,275,183,bus,1,1,245,182
bus (407).jpeg,269,187,bus,12,39,256,153
bus (408).jpeg,365,138,bus,78,12,290,122
bus (409).jpeg,310,163,bus,1,1,289,162
bus (409).jpeg,310,163,bus,287,7,310,55
bus (416).jpeg,275,183,bus,1,80,275,183
bus (420).jpeg,275,183,bus,47,65,190,153
bus (422).jpeg,208,243,bus,1,7,197,179
bus (423).jpeg,312,161,bus,49,49,252,140
bus (424).jpeg,300,168,bus,127,63,233,131
bus (426).jpeg,300,168,bus,84,20,240,159
bus (428).jpeg,300,168,bus,91,1,262,168
bus (429).jpeg,286,176,bus,59,21,264,152
bus (432).jpeg,275,183,bus,60,9,241,173
bus (435).jpeg,235,215,bus,5,49,223,176
bus (437).jpeg,378,133,bus,88,12,265,111
bus (438).jpeg,275,183,bus,54,88,205,165
bus (439).jpeg,300,168,bus,19,4,273,140
bus (439).jpeg,300,168,bus,1,32,47,119
bus (440).jpeg,275,183,bus,154,62,250,106
bus (441).jpeg,300,168,bus,30,19,185,149
bus (442).jpeg,275,183,bus,20,16,242,162
bus (443).jpeg,259,194,bus,18,27,234,159
bus (444).jpeg,371,136,bus,298,66,345,109
bus (444).jpeg,371,136,bus,253,71,300,111
bus (444).jpeg,371,136,bus,204,65,251,109
bus (444).jpeg,371,136,bus,171,76,200,110
bus (444).jpeg,371,136,bus,126,63,169,109
bus (444).jpeg,371,136,bus,74,68,126,107
bus (444).jpeg,371,136,bus,29,69,74,104
bus (445).jpeg,275,183,bus,51,42,226,141
bus (446).jpeg,364,139,bus,297,58,337,85
bus (446).jpeg,364,139,bus,249,52,299,89
bus (446).jpeg,364,139,bus,199,49,252,94
bus (446).jpeg,364,139,bus,157,37,203,97
bus (446).jpeg,364,139,bus,105,47,160,96
bus (446).jpeg,364,139,bus,59,54,107,92
bus (446).jpeg,364,139,bus,16,60,61,92
bus (447).jpeg,318,159,bus,107,1,318,159
bus (448).jpeg,300,168,bus,43,8,199,161
bus (449).jpeg,320,158,bus,68,23,306,137
bus (450).jpeg,361,139,bus,39,39,337,128
bus (451).jpeg,299,168,bus,53,15,248,137
bus (452).jpeg,355,142,bus,15,48,160,142
bus (453).jpeg,299,168,bus,99,35,237,115
bus (454).jpeg,219,230,bus,1,1,218,226
bus (455).jpeg,389,129,bus,100,23,362,116
bus (456).jpeg,311,162,bus,102,76,298,148
bus (459).jpeg,375,134,bus,10,5,375,111
bus (460).jpeg,195,259,bus,62,150,116,201
bus (461).jpeg,275,183,bus,141,62,184,113
bus (461).jpeg,275,183,bus,182,74,252,106
bus (461).jpeg,275,183,bus,1,1,134,183
bus (462).jpeg,269,187,bus,20,73,240,176
bus (463).jpeg,281,179,bus,160,23,281,162
bus (463).jpeg,281,179,bus,99,55,178,146
bus (463).jpeg,281,179,bus,61,72,113,137
bus (463).jpeg,281,179,bus,42,86,65,131
bus (463).jpeg,281,179,bus,30,90,45,127
bus (463).jpeg,281,179,bus,16,95,28,121
bus (463).jpeg,281,179,bus,9,101,17,124
bus (465).jpeg,293,172,bus,8,65,145,126
bus (466).jpeg,275,183,bus,10,94,255,170
bus (467).jpeg,368,137,bus,39,8,243,118
bus (5).jpeg,300,168,bus,125,24,296,140
bus (5).jpeg,300,168,bus,78,28,167,76
